variable,mode,boundary_type,role,surrogate_false_brackets,found,boundary_value,bracket_lower,bracket_upper,response_lower,response_upper,closest_grid_value,closest_response
transport_market_price,TRANSFER,SYSTEM_NPV_ZERO,supplementary,4,False,,,,,,192.8125,-0.13120620306837333
transport_market_price,TRANSFER,C_INVEST_PROB_50,supplementary,0,False,,,,,,115.9375,0.041219247776686598
transport_market_price,TRANSFER,U_INVEST_PROB_50,supplementary,0,False,,,,,,115.9375,0.041219247776686598
transport_market_price,JOINT_VENTURE,SYSTEM_NPV_ZERO,supplementary,0,False,,,,,,121.25,2.3827500061450819
transport_market_price,JOINT_VENTURE,C_INVEST_PROB_50,supplementary,0,False,,,,,,121.5625,0.049753400238726736
transport_market_price,JOINT_VENTURE,U_INVEST_PROB_50,supplementary,0,False,,,,,,121.5625,0.049753400238726736
transport_market_price,STATE_OWNED,SYSTEM_NPV_ZERO,supplementary,0,False,,,,,,116.875,8.7103785019763098
transport_market_price,STATE_OWNED,C_INVEST_PROB_50,supplementary,0,False,,,,,,104.6875,0.076541549785775792
transport_market_price,STATE_OWNED,U_INVEST_PROB_50,supplementary,0,False,,,,,,104.6875,0.076541549785775792
effective_abatement_fraction,TRANSFER,SYSTEM_NPV_ZERO,supplementary,3,False,,,,,,0.52625,-0.17306932141957235
effective_abatement_fraction,TRANSFER,C_INVEST_PROB_50,supplementary,0,False,,,,,,0.99625000000000008,0.097064555291052734
effective_abatement_fraction,TRANSFER,U_INVEST_PROB_50,supplementary,0,False,,,,,,0.99625000000000008,0.097064555291052734
effective_abatement_fraction,JOINT_VENTURE,SYSTEM_NPV_ZERO,supplementary,5,False,,,,,,0.57874999999999999,0.046386983574852117
effective_abatement_fraction,JOINT_VENTURE,C_INVEST_PROB_50,supplementary,0,False,,,,,,0.99124999999999996,0.13026122560670095
effective_abatement_fraction,JOINT_VENTURE,U_INVEST_PROB_50,supplementary,0,False,,,,,,0.99124999999999996,0.13026122560670095
effective_abatement_fraction,STATE_OWNED,SYSTEM_NPV_ZERO,supplementary,1,False,,,,,,0.55374999999999996,0.21975658610080903
effective_abatement_fraction,STATE_OWNED,C_INVEST_PROB_50,supplementary,0,False,,,,,,0.99249999999999994,0.20425688015385821
effective_abatement_fraction,STATE_OWNED,U_INVEST_PROB_50,supplementary,0,False,,,,,,0.99249999999999994,0.20425688015385821
storage_subsidy,TRANSFER,SYSTEM_NPV_ZERO,supplementary,0,False,,,,,,109.5,7.6224973770543274
storage_subsidy,TRANSFER,C_INVEST_PROB_50,supplementary,0,False,,,,,,44.399999999999999,0.04568097926527017
storage_subsidy,TRANSFER,U_INVEST_PROB_50,supplementary,0,False,,,,,,44.399999999999999,0.04568097926527017
storage_subsidy,JOINT_VENTURE,SYSTEM_NPV_ZERO,supplementary,0,False,,,,,,0,5.4830098015187785
storage_subsidy,JOINT_VENTURE,C_INVEST_PROB_50,supplementary,0,False,,,,,,119.09999999999999,0.088600365647098375
storage_subsidy,JOINT_VENTURE,U_INVEST_PROB_50,supplementary,0,False,,,,,,119.09999999999999,0.088600365647098375
storage_subsidy,STATE_OWNED,SYSTEM_NPV_ZERO,supplementary,0,False,,,,,,3,9.6264350493459059
storage_subsidy,STATE_OWNED,C_INVEST_PROB_50,supplementary,0,False,,,,,,113.7,0.13723595933018756
storage_subsidy,STATE_OWNED,U_INVEST_PROB_50,supplementary,0,False,,,,,,113.7,0.13723595933018756
capex_C_multiplier,TRANSFER,SYSTEM_NPV_ZERO,supplementary,4,False,,,,,,1.1245000000000001,0.17598057637410477
capex_C_multiplier,TRANSFER,C_INVEST_PROB_50,supplementary,0,False,,,,,,0.70899999999999996,0.08861989791923057
capex_C_multiplier,TRANSFER,U_INVEST_PROB_50,supplementary,0,False,,,,,,0.70899999999999996,0.08861989791923057
capex_C_multiplier,JOINT_VENTURE,SYSTEM_NPV_ZERO,supplementary,7,False,,,,,,1.2010000000000001,0.058970422436972939
capex_C_multiplier,JOINT_VENTURE,C_INVEST_PROB_50,supplementary,0,False,,,,,,0.69999999999999996,0.075723095452645856
capex_C_multiplier,JOINT_VENTURE,U_INVEST_PROB_50,supplementary,0,False,,,,,,0.69999999999999996,0.075723095452645856
capex_C_multiplier,STATE_OWNED,SYSTEM_NPV_ZERO,supplementary,0,False,,,,,,1.1560000000000001,5.0004426022676753
capex_C_multiplier,STATE_OWNED,C_INVEST_PROB_50,supplementary,0,False,,,,,,0.73599999999999999,0.107652020875687
capex_C_multiplier,STATE_OWNED,U_INVEST_PROB_50,supplementary,0,False,,,,,,0.73599999999999999,0.107652020875687
capex_U_multiplier,TRANSFER,SYSTEM_NPV_ZERO,supplementary,0,False,,,,,,1.2535000000000001,2.2948735183628202
capex_U_multiplier,TRANSFER,C_INVEST_PROB_50,supplementary,0,False,,,,,,1.27,0.041731636957881915
capex_U_multiplier,TRANSFER,U_INVEST_PROB_50,supplementary,0,False,,,,,,1.27,0.041731636957881915
capex_U_multiplier,JOINT_VENTURE,SYSTEM_NPV_ZERO,supplementary,0,False,,,,,,1.1755,1.2494900707955241
capex_U_multiplier,JOINT_VENTURE,C_INVEST_PROB_50,supplementary,0,False,,,,,,0.69999999999999996,0.056034947964877069
capex_U_multiplier,JOINT_VENTURE,U_INVEST_PROB_50,supplementary,0,False,,,,,,0.69999999999999996,0.056034947964877069
capex_U_multiplier,STATE_OWNED,SYSTEM_NPV_ZERO,supplementary,0,False,,,,,,1.2775000000000001,6.745210019555703
capex_U_multiplier,STATE_OWNED,C_INVEST_PROB_50,supplementary,0,False,,,,,,0.69999999999999996,0.084073134820416326
capex_U_multiplier,STATE_OWNED,U_INVEST_PROB_50,supplementary,0,False,,,,,,0.69999999999999996,0.084073134820416326
carbon_scale,TRANSFER,SYSTEM_NPV_ZERO,main,0,False,,,,,,0.67249999999999999,2.1030973246078832
carbon_scale,TRANSFER,C_VALUE_ZERO,main,1,False,,,,,,0.57187500000000002,0.00081487867725994463
carbon_scale,TRANSFER,U_VALUE_ZERO,main,1,False,,,,,,0.88812500000000005,0.25136950424139809
carbon_scale,TRANSFER,C_INVEST_PROB_50,main,1,False,,,,,,2.9581249999999999,0.51037461955843544
carbon_scale,TRANSFER,U_INVEST_PROB_50,main,1,False,,,,,,2.9581249999999999,0.51037461955843544
carbon_scale,TRANSFER,CO2_PRICE_ZERO,main,0,False,,,,,,6.1924999999999999,111.46442471707611
carbon_scale,TRANSFER,STORAGE_FEE_ZERO,main,0,False,,,,,,0.72999999999999998,184.59670309276356
carbon_scale,JOINT_VENTURE,SYSTEM_NPV_ZERO,main,1,False,,,,,,0.78750000000000009,0.38788631086764763
carbon_scale,JOINT_VENTURE,C_VALUE_ZERO,main,0,False,,,,,,0.5,0.096113598408399226
carbon_scale,JOINT_VENTURE,U_VALUE_ZERO,main,0,False,,,,,,0.5,0.56346212111369753
carbon_scale,JOINT_VENTURE,C_INVEST_PROB_50,main,1,False,,,,,,2.8431250000000001,0.50236285333179509
carbon_scale,JOINT_VENTURE,U_INVEST_PROB_50,main,1,False,,,,,,2.8431250000000001,0.50236285333179509
carbon_scale,JOINT_VENTURE,CO2_PRICE_ZERO,main,0,False,,,,,,6.1924999999999999,88.193289742161866
carbon_scale,STATE_OWNED,SYSTEM_NPV_ZERO,main,0,False,,,,,,0.5,2.2513709249877754
carbon_scale,STATE_OWNED,C_INVEST_PROB_50,main,1,False,,,,,,2.4406249999999998,0.50488100586205353
carbon_scale,STATE_OWNED,U_INVEST_PROB_50,main,1,False,,,,,,2.4406249999999998,0.50488100586205353
