found,root_count,root_index,explanation,mode,variable,boundary_type,min_response,max_response,closest_point,closest_response,left_endpoint_response,right_endpoint_response,threshold,min_abs_distance,min_signed_distance,threshold_side,direction,metric_family,increasing_steps,decreasing_steps,descriptive_flat_tolerance,monotonicity,rank_within_unit
False,0,,No crossing detected on the prescribed 1001-point exact grid within the specified domain.,JOINT_VENTURE,carbon_scale,COMMIT_NOW_C_VALUE_ZERO,57.082675586920686,13244.388045324118,0.5,57.082675586920686,57.082675586920686,13244.388045324118,0.0,57.082675586920686,57.082675586920686,above,increasing,NPV_million_CNY,1000.0,0.0,1.882140743038593e-10,nondecreasing,1
False,0,,No crossing detected on the prescribed 1001-point exact grid within the specified domain.,TRANSFER,carbon_scale,COMMIT_NOW_U_VALUE_ZERO,503.47114598694367,14612.188008370624,0.5,503.47114598694367,503.47114598694367,14612.188008370624,0.0,503.47114598694367,503.47114598694367,above,increasing,NPV_million_CNY,1000.0,0.0,2.0765168085817185e-10,nondecreasing,2
False,0,,No crossing detected on the prescribed 1001-point exact grid within the specified domain.,JOINT_VENTURE,carbon_scale,COMMIT_NOW_U_VALUE_ZERO,696.4886049674101,11539.384131195777,0.5,696.4886049674101,696.4886049674101,11539.384131195777,0.0,696.4886049674101,696.4886049674101,above,increasing,NPV_million_CNY,1000.0,0.0,1.6398451139133068e-10,nondecreasing,3
False,0,,No crossing detected on the prescribed 1001-point exact grid within the specified domain.,JOINT_VENTURE,carbon_scale,COMMIT_NOW_SYSTEM_NPV_ZERO,776.4043507890985,30081.52739464954,0.5,776.4043507890985,776.4043507890985,30081.52739464954,0.0,776.4043507890985,776.4043507890985,above,increasing,NPV_million_CNY,1000.0,0.0,4.2748421541673366e-10,nondecreasing,4
False,0,,No crossing detected on the prescribed 1001-point exact grid within the specified domain.,STATE_OWNED,carbon_scale,COMMIT_NOW_SYSTEM_NPV_ZERO,776.4043507890985,30081.52739464954,0.5,776.4043507890985,776.4043507890985,30081.52739464954,0.0,776.4043507890985,776.4043507890985,above,increasing,NPV_million_CNY,1000.0,0.0,4.2748421541673366e-10,nondecreasing,4
False,0,,No crossing detected on the prescribed 1001-point exact grid within the specified domain.,TRANSFER,carbon_scale,COMMIT_NOW_C_VALUE_ZERO,877.756860272658,14986.473722656336,0.5,877.756860272658,877.756860272658,14986.473722656336,0.0,877.756860272658,877.756860272658,above,increasing,NPV_million_CNY,1000.0,0.0,2.1297060076586171e-10,nondecreasing,6
False,0,,No crossing detected on the prescribed 1001-point exact grid within the specified domain.,TRANSFER,carbon_scale,COMMIT_NOW_SYSTEM_NPV_ZERO,1560.0709555784688,30070.46878480107,0.5,1560.0709555784688,1560.0709555784688,30070.46878480107,0.0,1560.0709555784688,1560.0709555784688,above,increasing,NPV_million_CNY,1000.0,0.0,4.2732706311882494e-10,nondecreasing,7
False,0,,No crossing detected on the prescribed 1001-point exact grid within the specified domain.,JOINT_VENTURE,effective_abatement_fraction,COMMIT_NOW_SYSTEM_NPV_ZERO,1868.5207375168172,5508.908693275882,0.5,1868.5207375168172,1868.5207375168172,5508.908693275882,0.0,1868.5207375168172,1868.5207375168172,above,increasing,NPV_million_CNY,1000.0,0.0,7.828630107945687e-11,nondecreasing,8
False,0,,No crossing detected on the prescribed 1001-point exact grid within the specified domain.,STATE_OWNED,effective_abatement_fraction,COMMIT_NOW_SYSTEM_NPV_ZERO,1868.5207375168172,5508.908693275882,0.5,1868.5207375168172,1868.5207375168172,5508.908693275882,0.0,1868.5207375168172,1868.5207375168172,above,increasing,NPV_million_CNY,1000.0,0.0,7.828630107945687e-11,nondecreasing,8
False,0,,No crossing detected on the prescribed 1001-point exact grid within the specified domain.,TRANSFER,effective_abatement_fraction,COMMIT_NOW_SYSTEM_NPV_ZERO,2542.6906415712847,5913.012048845027,0.5,2542.6906415712847,2542.6906415712847,5913.012048845027,0.0,2542.6906415712847,2542.6906415712847,above,increasing,NPV_million_CNY,1000.0,0.0,8.402895515537561e-11,nondecreasing,10
False,0,,No crossing detected on the prescribed 1001-point exact grid within the specified domain.,JOINT_VENTURE,capex_U_multiplier,COMMIT_NOW_SYSTEM_NPV_ZERO,3096.890205534726,3552.461634106154,1.3,3096.890205534726,3552.461634106154,3096.890205534726,0.0,3096.890205534726,3096.890205534726,above,decreasing,NPV_million_CNY,0.0,1000.0,5.0483516163611656e-11,nonincreasing,11
False,0,,No crossing detected on the prescribed 1001-point exact grid within the specified domain.,STATE_OWNED,capex_U_multiplier,COMMIT_NOW_SYSTEM_NPV_ZERO,3096.890205534726,3552.461634106154,1.3,3096.890205534726,3552.461634106154,3096.890205534726,0.0,3096.890205534726,3096.890205534726,above,decreasing,NPV_million_CNY,0.0,1000.0,5.0483516163611656e-11,nonincreasing,11
False,0,,No crossing detected on the prescribed 1001-point exact grid within the specified domain.,JOINT_VENTURE,capex_C_multiplier,COMMIT_NOW_SYSTEM_NPV_ZERO,3209.1759198204404,3440.1759198204404,1.3,3209.1759198204404,3440.1759198204404,3209.1759198204404,0.0,3209.1759198204404,3209.1759198204404,above,decreasing,NPV_million_CNY,0.0,1000.0,4.8887840191304696e-11,nonincreasing,13
False,0,,No crossing detected on the prescribed 1001-point exact grid within the specified domain.,STATE_OWNED,capex_C_multiplier,COMMIT_NOW_SYSTEM_NPV_ZERO,3209.1759198204404,3440.1759198204404,1.3,3209.1759198204404,3440.1759198204404,3209.1759198204404,0.0,3209.1759198204404,3209.1759198204404,above,decreasing,NPV_million_CNY,0.0,1000.0,4.8887840191304696e-11,nonincreasing,13
False,0,,No crossing detected on the prescribed 1001-point exact grid within the specified domain.,JOINT_VENTURE,transport_market_price,COMMIT_NOW_SYSTEM_NPV_ZERO,3324.6759198204404,3324.6759198204404,75.0,3324.6759198204404,3324.6759198204404,3324.6759198204404,0.0,3324.6759198204404,3324.6759198204404,above,flat_endpoints,NPV_million_CNY,0.0,0.0,4.7246486471698864e-11,numerically_flat,15
False,0,,No crossing detected on the prescribed 1001-point exact grid within the specified domain.,STATE_OWNED,transport_market_price,COMMIT_NOW_SYSTEM_NPV_ZERO,3324.6759198204404,3324.6759198204404,75.0,3324.6759198204404,3324.6759198204404,3324.6759198204404,0.0,3324.6759198204404,3324.6759198204404,above,flat_endpoints,NPV_million_CNY,0.0,0.0,4.7246486471698864e-11,numerically_flat,15
False,0,,No crossing detected on the prescribed 1001-point exact grid within the specified domain.,JOINT_VENTURE,storage_subsidy,COMMIT_NOW_SYSTEM_NPV_ZERO,3324.6759198204404,3860.279408328168,0.0,3324.6759198204404,3324.6759198204404,3860.279408328168,0.0,3324.6759198204404,3324.6759198204404,above,increasing,NPV_million_CNY,1000.0,0.0,5.4857869831837545e-11,nondecreasing,15
False,0,,No crossing detected on the prescribed 1001-point exact grid within the specified domain.,STATE_OWNED,storage_subsidy,COMMIT_NOW_SYSTEM_NPV_ZERO,3324.6759198204404,3860.279408328168,0.0,3324.6759198204404,3324.6759198204404,3860.279408328168,0.0,3324.6759198204404,3324.6759198204404,above,increasing,NPV_million_CNY,1000.0,0.0,5.4857869831837545e-11,nondecreasing,15
False,0,,No crossing detected on the prescribed 1001-point exact grid within the specified domain.,TRANSFER,capex_U_multiplier,COMMIT_NOW_SYSTEM_NPV_ZERO,3643.6750793834385,4099.2465079548665,1.3,3643.6750793834385,4099.2465079548665,3643.6750793834385,0.0,3643.6750793834385,3643.6750793834385,above,decreasing,NPV_million_CNY,0.0,1000.0,5.825379656634576e-11,nonincreasing,19
False,0,,No crossing detected on the prescribed 1001-point exact grid within the specified domain.,TRANSFER,capex_C_multiplier,COMMIT_NOW_SYSTEM_NPV_ZERO,3755.960793669152,3986.960793669152,1.3,3755.960793669152,3986.960793669152,3755.960793669152,0.0,3755.960793669152,3755.960793669152,above,decreasing,NPV_million_CNY,0.0,1000.0,5.665812059403879e-11,nonincreasing,20
False,0,,No crossing detected on the prescribed 1001-point exact grid within the specified domain.,TRANSFER,transport_market_price,COMMIT_NOW_SYSTEM_NPV_ZERO,3841.4810129873586,3871.460793669152,136.625,3841.4810129873586,3871.460793669152,3841.4810129873586,0.0,3841.4810129873586,3841.4810129873586,above,decreasing,NPV_million_CNY,0.0,1.0,5.501676687443296e-11,nonincreasing,21
False,0,,No crossing detected on the prescribed 1001-point exact grid within the specified domain.,TRANSFER,storage_subsidy,COMMIT_NOW_SYSTEM_NPV_ZERO,3871.460793669152,4043.819335363433,0.0,3871.460793669152,3871.460793669152,4043.819335363433,0.0,3871.460793669152,3871.460793669152,above,increasing,NPV_million_CNY,1000.0,0.0,5.746612906937447e-11,nondecreasing,22
False,0,,No crossing detected on the prescribed 1001-point exact grid within the specified domain.,JOINT_VENTURE,carbon_scale,CO2_PRICE_ZERO,-5536.280387595339,-408.43354680904906,0.5,-408.43354680904906,-408.43354680904906,-5536.280387595339,0.0,408.43354680904906,-408.43354680904906,below,decreasing,price_CNY_per_t,17.0,983.0,7.86752762507396e-11,nonmonotonic,1
False,0,,No crossing detected on the prescribed 1001-point exact grid within the specified domain.,TRANSFER,carbon_scale,CO2_PRICE_ZERO,-5487.86318759534,-605.863511579357,0.5,-605.863511579357,-605.863511579357,-5487.86318759534,0.0,605.863511579357,-605.863511579357,below,decreasing,price_CNY_per_t,51.0,949.0,7.798722645582273e-11,nonmonotonic,2
False,0,,No crossing detected on the prescribed 1001-point exact grid within the specified domain.,TRANSFER,carbon_scale,STORAGE_FEE_ZERO,1259.875547571282,6657.45379021286,0.523,1259.875547571282,1308.9202545711908,6657.45379021286,0.0,1259.875547571282,1259.875547571282,above,increasing,price_CNY_per_t,960.0,40.0,9.460810858588588e-11,nonmonotonic,3
False,0,,No crossing detected on the prescribed 1001-point exact grid within the specified domain.,TRANSFER,carbon_scale,C_INVEST_PROB_50,0.6995394006443637,1.0,0.5,0.6995394006443637,0.6995394006443637,1.0,0.5,0.1995394006443637,0.1995394006443637,above,increasing,probability,83.0,0.0,1.4210854715202004e-14,nondecreasing,1
False,0,,No crossing detected on the prescribed 1001-point exact grid within the specified domain.,TRANSFER,carbon_scale,U_INVEST_PROB_50,0.6995394006443637,1.0,0.5,0.6995394006443637,0.6995394006443637,1.0,0.5,0.1995394006443637,0.1995394006443637,above,increasing,probability,83.0,0.0,1.4210854715202004e-14,nondecreasing,1
False,0,,No crossing detected on the prescribed 1001-point exact grid within the specified domain.,STATE_OWNED,carbon_scale,C_INVEST_PROB_50,0.802463007017233,1.0,0.5,0.802463007017233,0.802463007017233,1.0,0.5,0.30246300701723305,0.30246300701723305,above,increasing,probability,69.0,0.0,1.4210854715202004e-14,nondecreasing,3
False,0,,No crossing detected on the prescribed 1001-point exact grid within the specified domain.,STATE_OWNED,carbon_scale,U_INVEST_PROB_50,0.802463007017233,1.0,0.5,0.802463007017233,0.802463007017233,1.0,0.5,0.30246300701723305,0.30246300701723305,above,increasing,probability,69.0,0.0,1.4210854715202004e-14,nondecreasing,3
False,0,,No crossing detected on the prescribed 1001-point exact grid within the specified domain.,TRANSFER,effective_abatement_fraction,C_INVEST_PROB_50,0.8064101493132442,0.92158158255185,0.5,0.8064101493132442,0.8064101493132442,0.92158158255185,0.5,0.3064101493132442,0.3064101493132442,above,increasing,probability,24.0,0.0,1.4210854715202004e-14,nondecreasing,5
False,0,,No crossing detected on the prescribed 1001-point exact grid within the specified domain.,TRANSFER,effective_abatement_fraction,U_INVEST_PROB_50,0.8064101493132442,0.92158158255185,0.5,0.8064101493132442,0.8064101493132442,0.92158158255185,0.5,0.3064101493132442,0.3064101493132442,above,increasing,probability,24.0,0.0,1.4210854715202004e-14,nondecreasing,5
False,0,,No crossing detected on the prescribed 1001-point exact grid within the specified domain.,TRANSFER,capex_U_multiplier,C_INVEST_PROB_50,0.8181020463615661,0.9269723145326552,1.2598,0.8181020463615661,0.9269723145326552,0.8181020463615661,0.5,0.31810204636156614,0.31810204636156614,above,decreasing,probability,0.0,25.0,1.4210854715202004e-14,nonincreasing,7
False,0,,No crossing detected on the prescribed 1001-point exact grid within the specified domain.,TRANSFER,capex_U_multiplier,U_INVEST_PROB_50,0.8181020463615661,0.9269723145326552,1.2598,0.8181020463615661,0.9269723145326552,0.8181020463615661,0.5,0.31810204636156614,0.31810204636156614,above,decreasing,probability,0.0,25.0,1.4210854715202004e-14,nonincreasing,7
False,0,,No crossing detected on the prescribed 1001-point exact grid within the specified domain.,JOINT_VENTURE,carbon_scale,C_INVEST_PROB_50,0.8247119423998485,1.0,0.5,0.8247119423998485,0.8247119423998485,1.0,0.5,0.32471194239984846,0.32471194239984846,above,increasing,probability,58.0,23.0,1.4210854715202004e-14,nonmonotonic,9
False,0,,No crossing detected on the prescribed 1001-point exact grid within the specified domain.,JOINT_VENTURE,carbon_scale,U_INVEST_PROB_50,0.8311378553600441,1.0,0.5,0.8311378553600441,0.8311378553600441,1.0,0.5,0.33113785536004414,0.33113785536004414,above,increasing,probability,55.0,23.0,1.4210854715202004e-14,nonmonotonic,10
False,0,,No crossing detected on the prescribed 1001-point exact grid within the specified domain.,TRANSFER,transport_market_price,C_INVEST_PROB_50,0.8366238750830178,0.8748061104563545,186.25,0.8366238750830178,0.8748061104563545,0.8366238750830178,0.5,0.33662387508301783,0.33662387508301783,above,decreasing,probability,0.0,9.0,1.4210854715202004e-14,nonincreasing,11
False,0,,No crossing detected on the prescribed 1001-point exact grid within the specified domain.,TRANSFER,transport_market_price,U_INVEST_PROB_50,0.8366238750830178,0.8748061104563545,186.25,0.8366238750830178,0.8748061104563545,0.8366238750830178,0.5,0.33662387508301783,0.33662387508301783,above,decreasing,probability,0.0,9.0,1.4210854715202004e-14,nonincreasing,11
False,0,,No crossing detected on the prescribed 1001-point exact grid within the specified domain.,TRANSFER,storage_subsidy,C_INVEST_PROB_50,0.8536600244249485,0.89154211836536,0.0,0.8536600244249485,0.8536600244249485,0.89154211836536,0.5,0.3536600244249485,0.3536600244249485,above,increasing,probability,9.0,0.0,1.4210854715202004e-14,nondecreasing,13
False,0,,No crossing detected on the prescribed 1001-point exact grid within the specified domain.,TRANSFER,storage_subsidy,U_INVEST_PROB_50,0.8536600244249485,0.89154211836536,0.0,0.8536600244249485,0.8536600244249485,0.89154211836536,0.5,0.3536600244249485,0.3536600244249485,above,increasing,probability,9.0,0.0,1.4210854715202004e-14,nondecreasing,13
False,0,,No crossing detected on the prescribed 1001-point exact grid within the specified domain.,TRANSFER,capex_C_multiplier,C_INVEST_PROB_50,0.8536600244249485,0.8536600244249485,0.6999999999999998,0.8536600244249485,0.8536600244249485,0.8536600244249485,0.5,0.3536600244249485,0.3536600244249485,above,flat_endpoints,probability,0.0,0.0,1.4210854715202004e-14,numerically_flat,13
False,0,,No crossing detected on the prescribed 1001-point exact grid within the specified domain.,TRANSFER,capex_C_multiplier,U_INVEST_PROB_50,0.8536600244249485,0.8536600244249485,0.6999999999999998,0.8536600244249485,0.8536600244249485,0.8536600244249485,0.5,0.3536600244249485,0.3536600244249485,above,flat_endpoints,probability,0.0,0.0,1.4210854715202004e-14,numerically_flat,13
False,0,,No crossing detected on the prescribed 1001-point exact grid within the specified domain.,STATE_OWNED,effective_abatement_fraction,C_INVEST_PROB_50,0.8636695396943564,0.9501950938533784,0.5,0.8636695396943564,0.8636695396943564,0.9501950938533784,0.5,0.36366953969435645,0.36366953969435645,above,increasing,probability,23.0,0.0,1.4210854715202004e-14,nondecreasing,17
False,0,,No crossing detected on the prescribed 1001-point exact grid within the specified domain.,STATE_OWNED,effective_abatement_fraction,U_INVEST_PROB_50,0.8636695396943564,0.9501950938533784,0.5,0.8636695396943564,0.8636695396943564,0.9501950938533784,0.5,0.36366953969435645,0.36366953969435645,above,increasing,probability,23.0,0.0,1.4210854715202004e-14,nondecreasing,17
False,0,,No crossing detected on the prescribed 1001-point exact grid within the specified domain.,JOINT_VENTURE,effective_abatement_fraction,C_INVEST_PROB_50,0.8748061104563545,0.9600234212219037,0.503,0.8748061104563545,0.8801661609346763,0.9600234212219037,0.5,0.3748061104563545,0.3748061104563545,above,increasing,probability,23.0,12.0,1.4210854715202004e-14,nonmonotonic,19
False,0,,No crossing detected on the prescribed 1001-point exact grid within the specified domain.,JOINT_VENTURE,effective_abatement_fraction,U_INVEST_PROB_50,0.8748061104563545,0.962850596916408,0.503,0.8748061104563545,0.8863698184039139,0.962850596916408,0.5,0.3748061104563545,0.3748061104563545,above,increasing,probability,22.0,12.0,1.4210854715202004e-14,nonmonotonic,19
False,0,,No crossing detected on the prescribed 1001-point exact grid within the specified domain.,STATE_OWNED,capex_U_multiplier,C_INVEST_PROB_50,0.8847534529541989,0.9306317820903068,1.2658,0.8847534529541989,0.9306317820903068,0.8847534529541989,0.5,0.38475345295419894,0.38475345295419894,above,decreasing,probability,0.0,12.0,1.4210854715202004e-14,nonincreasing,21
False,0,,No crossing detected on the prescribed 1001-point exact grid within the specified domain.,STATE_OWNED,capex_U_multiplier,U_INVEST_PROB_50,0.8847534529541989,0.9306317820903068,1.2658,0.8847534529541989,0.9306317820903068,0.8847534529541989,0.5,0.38475345295419894,0.38475345295419894,above,decreasing,probability,0.0,12.0,1.4210854715202004e-14,nonincreasing,21
False,0,,No crossing detected on the prescribed 1001-point exact grid within the specified domain.,STATE_OWNED,capex_C_multiplier,C_INVEST_PROB_50,0.915175464811341,0.92158158255185,1.1812,0.915175464811341,0.92158158255185,0.915175464811341,0.5,0.41517546481134104,0.41517546481134104,above,decreasing,probability,0.0,2.0,1.4210854715202004e-14,nonincreasing,23
False,0,,No crossing detected on the prescribed 1001-point exact grid within the specified domain.,STATE_OWNED,capex_C_multiplier,U_INVEST_PROB_50,0.915175464811341,0.92158158255185,1.1812,0.915175464811341,0.92158158255185,0.915175464811341,0.5,0.41517546481134104,0.41517546481134104,above,decreasing,probability,0.0,2.0,1.4210854715202004e-14,nonincreasing,23
False,0,,No crossing detected on the prescribed 1001-point exact grid within the specified domain.,STATE_OWNED,transport_market_price,C_INVEST_PROB_50,0.918044409433425,0.918044409433425,75.0,0.918044409433425,0.918044409433425,0.918044409433425,0.5,0.418044409433425,0.418044409433425,above,flat_endpoints,probability,0.0,0.0,1.4210854715202004e-14,numerically_flat,25
False,0,,No crossing detected on the prescribed 1001-point exact grid within the specified domain.,STATE_OWNED,transport_market_price,U_INVEST_PROB_50,0.918044409433425,0.918044409433425,75.0,0.918044409433425,0.918044409433425,0.918044409433425,0.5,0.418044409433425,0.418044409433425,above,flat_endpoints,probability,0.0,0.0,1.4210854715202004e-14,numerically_flat,25
False,0,,No crossing detected on the prescribed 1001-point exact grid within the specified domain.,STATE_OWNED,storage_subsidy,C_INVEST_PROB_50,0.918044409433425,0.9464278414861372,0.0,0.918044409433425,0.918044409433425,0.9464278414861372,0.5,0.418044409433425,0.418044409433425,above,increasing,probability,11.0,0.0,1.4210854715202004e-14,nondecreasing,25
False,0,,No crossing detected on the prescribed 1001-point exact grid within the specified domain.,STATE_OWNED,storage_subsidy,U_INVEST_PROB_50,0.918044409433425,0.9464278414861372,0.0,0.918044409433425,0.918044409433425,0.9464278414861372,0.5,0.418044409433425,0.418044409433425,above,increasing,probability,11.0,0.0,1.4210854715202004e-14,nondecreasing,25
False,0,,No crossing detected on the prescribed 1001-point exact grid within the specified domain.,JOINT_VENTURE,capex_U_multiplier,C_INVEST_PROB_50,0.918044409433425,0.9393730838644824,1.2166,0.918044409433425,0.9393730838644824,0.9216177970035848,0.5,0.418044409433425,0.418044409433425,above,decreasing,probability,4.0,4.0,1.4210854715202004e-14,nonmonotonic,25
False,0,,No crossing detected on the prescribed 1001-point exact grid within the specified domain.,JOINT_VENTURE,capex_U_multiplier,U_INVEST_PROB_50,0.918044409433425,0.944521213230158,1.2166,0.918044409433425,0.944521213230158,0.9241936205723792,0.5,0.418044409433425,0.418044409433425,above,decreasing,probability,4.0,4.0,1.4210854715202004e-14,nonmonotonic,25
False,0,,No crossing detected on the prescribed 1001-point exact grid within the specified domain.,JOINT_VENTURE,capex_C_multiplier,C_INVEST_PROB_50,0.92158158255185,0.9338213071804496,1.189,0.92158158255185,0.9306317820903068,0.923544131544094,0.5,0.42158158255184996,0.42158158255184996,above,decreasing,probability,2.0,2.0,1.4210854715202004e-14,nonmonotonic,31
False,0,,No crossing detected on the prescribed 1001-point exact grid within the specified domain.,JOINT_VENTURE,capex_C_multiplier,U_INVEST_PROB_50,0.92158158255185,0.9375128248683536,1.189,0.92158158255185,0.9306317820903068,0.9284955648424448,0.5,0.42158158255184996,0.42158158255184996,above,decreasing,probability,2.0,2.0,1.4210854715202004e-14,nonmonotonic,31
False,0,,No crossing detected on the prescribed 1001-point exact grid within the specified domain.,JOINT_VENTURE,storage_subsidy,C_INVEST_PROB_50,0.9264972176972016,0.9678096497029762,15.12,0.9264972176972016,0.9308143512581912,0.9666981203847376,0.5,0.4264972176972016,0.4264972176972016,above,increasing,probability,21.0,3.0,1.4210854715202004e-14,nonmonotonic,33
False,0,,No crossing detected on the prescribed 1001-point exact grid within the specified domain.,JOINT_VENTURE,storage_subsidy,U_INVEST_PROB_50,0.9264972176972016,0.9718170258274436,15.12,0.9264972176972016,0.9345058689460952,0.97043131620267,0.5,0.4264972176972016,0.4264972176972016,above,increasing,probability,18.0,5.0,1.4210854715202004e-14,nonmonotonic,33
False,0,,No crossing detected on the prescribed 1001-point exact grid within the specified domain.,JOINT_VENTURE,transport_market_price,C_INVEST_PROB_50,0.9308143512581912,0.9308143512581912,75.0,0.9308143512581912,0.9308143512581912,0.9308143512581912,0.5,0.43081435125819123,0.43081435125819123,above,flat_endpoints,probability,0.0,0.0,1.4210854715202004e-14,numerically_flat,35
False,0,,No crossing detected on the prescribed 1001-point exact grid within the specified domain.,JOINT_VENTURE,transport_market_price,U_INVEST_PROB_50,0.9345058689460952,0.9345058689460952,75.0,0.9345058689460952,0.9345058689460952,0.9345058689460952,0.5,0.4345058689460952,0.4345058689460952,above,flat_endpoints,probability,0.0,0.0,1.4210854715202004e-14,numerically_flat,36
