t,j,x_C,x_U,state_probability,equilibrium_type,equilibrium_multiplicity,equilibrium_selection_reason
0,0,0,0,1.0,PURE_NASH,1,UNIQUE_PURE_NE
1,0,0,0,0.28562642263543137,PURE_NASH,1,UNIQUE_PURE_NE
1,1,0,0,0.7143735773645686,PURE_NASH,1,UNIQUE_PURE_NE
2,0,0,0,0.08158245330751406,PURE_NASH,1,UNIQUE_PURE_NE
2,1,0,0,0.4080879386558346,PURE_NASH,1,UNIQUE_PURE_NE
2,2,0,0,0.5103296080366513,PURE_NASH,1,UNIQUE_PURE_NE
3,0,0,0,0.023302104288047354,PURE_NASH,1,UNIQUE_PURE_NE
3,1,0,0,0.1748410470584001,PURE_NASH,1,UNIQUE_PURE_NE
3,2,0,0,0.4372908609253518,PURE_NASH,1,UNIQUE_PURE_NE
3,3,0,0,0.3645659877282007,PURE_NASH,1,UNIQUE_PURE_NE
4,0,0,0,0.006655696687672711,PURE_NASH,1,UNIQUE_PURE_NE
4,1,0,0,0.06658563040149858,PURE_NASH,1,UNIQUE_PURE_NE
4,2,0,0,0.24980364851455233,PURE_NASH,1,UNIQUE_PURE_NE
4,3,0,0,0.41651871555743414,PURE_NASH,1,UNIQUE_PURE_NE
4,4,0,0,0.26043630883884217,PURE_NASH,1,UNIQUE_PURE_NE
5,0,0,0,0.0019010428350464464,PURE_NASH,1,UNIQUE_PURE_NE
5,1,0,0,0.023773269263131325,PURE_NASH,1,UNIQUE_PURE_NE
5,2,0,0,0.11891753747748379,PURE_NASH,1,UNIQUE_PURE_NE
5,3,0,0,0.2974218767134368,PURE_NASH,1,UNIQUE_PURE_NE
5,4,0,0,0.3719374560900743,PURE_NASH,1,UNIQUE_PURE_NE
5,5,0,0,0.1860488176208273,PURE_NASH,2,MAX_TOTAL_PAYOFF
6,0,0,0,0.0005429880642510349,PURE_NASH,1,UNIQUE_PURE_NE
6,1,0,0,0.00814832862477247,PURE_NASH,1,UNIQUE_PURE_NE
6,2,0,0,0.0509489862274628,PURE_NASH,1,UNIQUE_PURE_NE
6,3,0,0,0.16990309331835052,PURE_NASH,1,UNIQUE_PURE_NE
6,4,0,0,0.3187054950813923,PURE_NASH,1,UNIQUE_PURE_NE
6,5,0,0,0.2657022910629435,PURE_NASH,1,UNIQUE_PURE_NE
6,5,1,1,0.05314045821258871,PURE_NASH,1,UNIQUE_PURE_NE
6,6,1,1,0.1329083594082386,PURE_NASH,1,UNIQUE_PURE_NE
7,0,0,0,0.00015509173832576088,PURE_NASH,1,UNIQUE_PURE_NE
7,1,0,0,0.0027152742814769188,PURE_NASH,1,UNIQUE_PURE_NE
7,2,0,0,0.020373327342272887,PURE_NASH,1,UNIQUE_PURE_NE
7,3,0,0,0.08492542229362506,PURE_NASH,1,UNIQUE_PURE_NE
7,4,0,0,0.21240499101348836,PURE_NASH,1,UNIQUE_PURE_NE
7,5,0,0,0.3035663795293868,PURE_NASH,1,UNIQUE_PURE_NE
7,5,1,1,0.015178318976469343,PURE_NASH,1,UNIQUE_PURE_NE
7,6,0,0,0.18981069618059682,PURE_NASH,2,MAX_TOTAL_PAYOFF
7,6,1,1,0.07592427847223873,PURE_NASH,1,UNIQUE_PURE_NE
7,7,1,1,0.09494622017211925,PURE_NASH,1,UNIQUE_PURE_NE
8,0,0,0,4.429829839829751e-05,PURE_NASH,1,UNIQUE_PURE_NE
8,1,0,0,0.000886347519419707,PURE_NASH,1,UNIQUE_PURE_NE
8,2,0,0,0.0077588808079387004,PURE_NASH,1,UNIQUE_PURE_NE
8,3,0,0,0.0388111112968503,PURE_NASH,1,UNIQUE_PURE_NE
8,4,0,0,0.12133695546618725,PURE_NASH,1,UNIQUE_PURE_NE
8,5,0,0,0.23844309229776312,PURE_NASH,1,UNIQUE_PURE_NE
8,5,1,1,0.004335328950868421,PURE_NASH,1,UNIQUE_PURE_NE
8,6,0,0,0.21685980051201842,PURE_NASH,1,UNIQUE_PURE_NE
8,6,1,1,0.08674392020480737,PURE_NASH,1,UNIQUE_PURE_NE
8,7,1,1,0.21695319368414756,PURE_NASH,1,UNIQUE_PURE_NE
8,8,1,1,0.0678270709616008,PURE_NASH,1,UNIQUE_PURE_NE
9,0,0,0,1.2652764500342575e-05,PURE_NASH,1,UNIQUE_PURE_NE
9,1,0,0,0.0002848098050815944,PURE_NASH,1,UNIQUE_PURE_NE
9,2,0,0,0.0028493246170623043,PURE_NASH,1,UNIQUE_PURE_NE
9,3,0,0,0.016628218317337393,PURE_NASH,1,UNIQUE_PURE_NE
9,4,0,0,0.06238267294190709,PURE_NASH,1,UNIQUE_PURE_NE
9,5,0,0,0.15478556239804558,PURE_NASH,1,UNIQUE_PURE_NE
9,5,1,1,0.0012382844991843647,PURE_NASH,1,UNIQUE_PURE_NE
9,6,0,0,0.23227833387630417,PURE_NASH,1,UNIQUE_PURE_NE
9,6,1,1,0.027873400065156498,PURE_NASH,1,UNIQUE_PURE_NE
9,7,0,0,0.1549189114783373,PURE_NASH,2,MAX_TOTAL_PAYOFF
9,7,1,1,0.12393512918266986,PURE_NASH,1,UNIQUE_PURE_NE
9,8,1,1,0.17435883272941421,PURE_NASH,1,UNIQUE_PURE_NE
9,9,1,1,0.04845386732499922,PURE_NASH,1,UNIQUE_PURE_NE
10,0,0,0,3.613963860681431e-06,PURE_NASH,1,UNIQUE_PURE_NE
10,1,0,0,9.038800639661145e-05,PURE_NASH,1,UNIQUE_PURE_NE
10,2,0,0,0.0010173029966232205,PURE_NASH,1,UNIQUE_PURE_NE
10,3,0,0,0.00678494073254576,PURE_NASH,1,UNIQUE_PURE_NE
10,4,0,0,0.029696899511388403,PURE_NASH,1,UNIQUE_PURE_NE
10,5,0,0,0.08877537969844115,PURE_NASH,1,UNIQUE_PURE_NE
10,5,1,1,0.0003536867717069368,PURE_NASH,1,UNIQUE_PURE_NE
10,6,0,0,0.17691954549548555,PURE_NASH,1,UNIQUE_PURE_NE
10,6,1,1,0.008845977274774278,PURE_NASH,1,UNIQUE_PURE_NE
10,7,0,0,0.16593350431549708,PURE_NASH,1,UNIQUE_PURE_NE
10,7,1,1,0.09956010258929825,PURE_NASH,1,UNIQUE_PURE_NE
10,8,1,1,0.24900744823696072,PURE_NASH,1,UNIQUE_PURE_NE
10,9,1,1,0.1383970478689134,PURE_NASH,1,UNIQUE_PURE_NE
10,10,1,1,0.034614162538107875,PURE_NASH,1,UNIQUE_PURE_NE
11,0,0,0,1.0322435690601696e-06,PURE_NASH,1,UNIQUE_PURE_NE
11,1,0,0,2.8398923207833875e-05,PURE_NASH,1,UNIQUE_PURE_NE
11,2,0,0,0.0003551394191421936,PURE_NASH,1,UNIQUE_PURE_NE
11,3,0,0,0.002664692730191894,PURE_NASH,1,UNIQUE_PURE_NE
11,4,0,0,0.01332920155411705,PURE_NASH,1,UNIQUE_PURE_NE
11,5,0,0,0.046571274461954484,PURE_NASH,1,UNIQUE_PURE_NE
11,5,1,1,0.00010102228733612687,PURE_NASH,1,UNIQUE_PURE_NE
11,6,0,0,0.1139516824512353,PURE_NASH,1,UNIQUE_PURE_NE
11,6,1,1,0.0027793093280789093,PURE_NASH,1,UNIQUE_PURE_NE
11,7,0,0,0.1737816418543199,PURE_NASH,1,UNIQUE_PURE_NE
11,7,1,1,0.03475632837086398,PURE_NASH,1,UNIQUE_PURE_NE
11,8,0,0,0.11853851108250074,PURE_NASH,2,MAX_TOTAL_PAYOFF
11,8,1,1,0.1422462132990009,PURE_NASH,1,UNIQUE_PURE_NE
11,9,1,1,0.21741419527356257,PURE_NASH,1,UNIQUE_PURE_NE
11,10,1,1,0.10875391360109224,PURE_NASH,1,UNIQUE_PURE_NE
11,11,1,1,0.024727443119826758,PURE_NASH,1,UNIQUE_PURE_NE
12,0,0,0,2.948360379190861e-07,PURE_NASH,1,UNIQUE_PURE_NE
12,1,0,0,8.848890373693001e-06,PURE_NASH,1,UNIQUE_PURE_NE
12,2,0,0,0.00012172464219169175,PURE_NASH,1,UNIQUE_PURE_NE
12,3,0,0,0.0010148088692631353,PURE_NASH,1,UNIQUE_PURE_NE
12,4,0,0,0.005710758234733627,PURE_NASH,1,UNIQUE_PURE_NE
12,5,0,0,0.022824015919768847,PURE_NASH,1,UNIQUE_PURE_NE
12,5,1,1,2.8854634538266557e-05,PURE_NASH,1,UNIQUE_PURE_NE
12,6,0,0,0.06581689935164861,PURE_NASH,1,UNIQUE_PURE_NE
12,6,1,1,0.0008660118335743236,PURE_NASH,1,UNIQUE_PURE_NE
12,7,0,0,0.13104069972196145,PURE_NASH,1,UNIQUE_PURE_NE
12,7,1,1,0.011912790883814674,PURE_NASH,1,UNIQUE_PURE_NE
12,8,0,0,0.12414501317175876,PURE_NASH,1,UNIQUE_PURE_NE
12,8,1,1,0.09931601053740702,PURE_NASH,1,UNIQUE_PURE_NE
12,9,1,1,0.24839695530459516,PURE_NASH,1,UNIQUE_PURE_NE
12,10,1,1,0.18637794773689653,PURE_NASH,1,UNIQUE_PURE_NE
12,11,1,1,0.08475373343084672,PURE_NASH,1,UNIQUE_PURE_NE
12,12,1,1,0.01766463200058953,PURE_NASH,1,UNIQUE_PURE_NE
13,0,0,0,8.421296277483295e-08,PURE_NASH,1,UNIQUE_PURE_NE
13,1,0,0,2.738099976875291e-06,PURE_NASH,1,UNIQUE_PURE_NE
13,2,0,0,4.108918756775278e-05,PURE_NASH,1,UNIQUE_PURE_NE
13,3,0,0,0.0003768130950822374,PURE_NASH,1,UNIQUE_PURE_NE
13,4,0,0,0.0023560960873995956,PURE_NASH,1,UNIQUE_PURE_NE
13,5,0,0,0.01059875680694854,PURE_NASH,1,UNIQUE_PURE_NE
13,5,1,1,8.241646039617838e-06,PURE_NASH,1,UNIQUE_PURE_NE
13,6,0,0,0.03510391941319877,PURE_NASH,1,UNIQUE_PURE_NE
13,6,1,1,0.0002679688504824333,PURE_NASH,1,UNIQUE_PURE_NE
13,7,0,0,0.08444654012210859,PURE_NASH,1,UNIQUE_PURE_NE
13,7,1,1,0.004021263815338503,PURE_NASH,1,UNIQUE_PURE_NE
13,8,0,0,0.1290711094410118,PURE_NASH,1,UNIQUE_PURE_NE
13,8,1,1,0.03687745984028908,PURE_NASH,1,UNIQUE_PURE_NE
13,9,0,0,0.08868591717148079,PURE_NASH,2,MAX_TOTAL_PAYOFF
13,9,1,1,0.1418974674743693,PURE_NASH,1,UNIQUE_PURE_NE
13,10,1,1,0.23068268803763364,PURE_NASH,1,UNIQUE_PURE_NE
13,11,1,1,0.1573513869515231,PURE_NASH,1,UNIQUE_PURE_NE
13,12,1,1,0.06559131339149675,PURE_NASH,1,UNIQUE_PURE_NE
13,13,1,1,0.01261914635508978,PURE_NASH,1,UNIQUE_PURE_NE
14,0,0,0,2.4053447296906287e-08,PURE_NASH,1,UNIQUE_PURE_NE
14,1,0,0,8.422332166909733e-07,PURE_NASH,1,UNIQUE_PURE_NE
14,2,0,0,1.3692183929635713e-05,PURE_NASH,1,UNIQUE_PURE_NE
14,3,0,0,0.00013698080626430343,PURE_NASH,1,UNIQUE_PURE_NE
14,4,0,0,0.0009421486155609963,PURE_NASH,1,UNIQUE_PURE_NE
14,5,0,0,0.004710417781721952,PURE_NASH,1,UNIQUE_PURE_NE
14,5,1,1,2.3540318749235137e-06,PURE_NASH,1,UNIQUE_PURE_NE
14,6,0,0,0.017598078738271336,PURE_NASH,1,UNIQUE_PURE_NE
14,6,1,1,8.242659830572053e-05,PURE_NASH,1,UNIQUE_PURE_NE
14,7,0,0,0.04919747564974163,PURE_NASH,1,UNIQUE_PURE_NE
14,7,1,1,0.0013400090643898497,PURE_NASH,1,UNIQUE_PURE_NE
14,8,0,0,0.09719249621831375,PURE_NASH,1,UNIQUE_PURE_NE
14,8,1,1,0.013405861547353619,PURE_NASH,1,UNIQUE_PURE_NE
14,9,0,0,0.09220499018578934,PURE_NASH,1,UNIQUE_PURE_NE
14,9,1,1,0.09220499018578934,PURE_NASH,1,UNIQUE_PURE_NE
14,10,1,1,0.2306117483184008,PURE_NASH,1,UNIQUE_PURE_NE
14,11,1,1,0.20973733084120616,PURE_NASH,1,UNIQUE_PURE_NE
14,12,1,1,0.13114228539980874,PURE_NASH,1,UNIQUE_PURE_NE
14,13,1,1,0.050461062821641305,PURE_NASH,1,UNIQUE_PURE_NE
14,14,1,1,0.009014784724972543,PURE_NASH,1,UNIQUE_PURE_NE
15,0,0,0,6.870300103465229e-09,PURE_NASH,1,UNIQUE_PURE_NE
15,1,0,0,2.577472079016159e-07,PURE_NASH,1,UNIQUE_PURE_NE
15,2,0,0,4.51251866987099e-06,PURE_NASH,1,UNIQUE_PURE_NE
15,3,0,0,4.8906672078737595e-05,PURE_NASH,1,UNIQUE_PURE_NE
15,4,0,0,0.00036695800725492503,PURE_NASH,1,UNIQUE_PURE_NE
15,5,0,0,0.00201846585701895,PURE_NASH,1,UNIQUE_PURE_NE
15,5,1,1,6.723737032041804e-07,PURE_NASH,1,UNIQUE_PURE_NE
15,6,0,0,0.008391474276879474,PURE_NASH,1,UNIQUE_PURE_NE
15,6,1,1,2.522487257579e-05,PURE_NASH,1,UNIQUE_PURE_NE
15,7,0,0,0.026623701435531694,PURE_NASH,1,UNIQUE_PURE_NE
15,7,1,1,0.000441625379262374,PURE_NASH,1,UNIQUE_PURE_NE
15,8,0,0,0.06290612167905683,PURE_NASH,1,UNIQUE_PURE_NE
15,8,1,1,0.004786335345145628,PURE_NASH,1,UNIQUE_PURE_NE
15,9,0,0,0.09576793271237116,PURE_NASH,1,UNIQUE_PURE_NE
15,9,1,1,0.035912974767139186,PURE_NASH,1,UNIQUE_PURE_NE
15,10,0,0,0.06586880868988727,PURE_NASH,2,MAX_TOTAL_PAYOFF
15,10,1,1,0.13173761737977455,PURE_NASH,1,UNIQUE_PURE_NE
15,11,1,1,0.22464946312979117,PURE_NASH,1,UNIQUE_PURE_NE
15,12,1,1,0.18728850917491063,PURE_NASH,1,UNIQUE_PURE_NE
15,13,1,1,0.10809759642095378,PURE_NASH,1,UNIQUE_PURE_NE
15,14,1,1,0.03862291067733657,PURE_NASH,1,UNIQUE_PURE_NE
15,15,1,1,0.006439924013150105,PURE_NASH,1,UNIQUE_PURE_NE
16,0,0,0,1.9623392409846076e-09,PURE_NASH,1,UNIQUE_PURE_NE
16,1,0,0,7.852737379968996e-08,PURE_NASH,1,UNIQUE_PURE_NE
16,2,0,0,1.4730223597152524e-06,PURE_NASH,1,UNIQUE_PURE_NE
16,3,0,0,1.71926618939741e-05,PURE_NASH,1,UNIQUE_PURE_NE
16,4,0,0,0.00013975053715953455,PURE_NASH,1,UNIQUE_PURE_NE
16,5,0,0,0.0008386722863373568,PURE_NASH,1,UNIQUE_PURE_NE
16,5,1,1,1.9204769552034733e-07,PURE_NASH,1,UNIQUE_PURE_NE
16,6,0,0,0.003838765453409195,PURE_NASH,1,UNIQUE_PURE_NE
16,6,1,1,7.68521612294133e-06,PURE_NASH,1,UNIQUE_PURE_NE
16,7,0,0,0.013599080096881863,PURE_NASH,1,UNIQUE_PURE_NE
16,7,1,1,0.00014415985968426002,PURE_NASH,1,UNIQUE_PURE_NE
16,8,0,0,0.03698691933424514,PURE_NASH,1,UNIQUE_PURE_NE
16,8,1,1,0.001682589344206115,PURE_NASH,1,UNIQUE_PURE_NE
16,9,0,0,0.07229232320582396,PURE_NASH,1,UNIQUE_PURE_NE
16,9,1,1,0.01367692601191264,PURE_NASH,1,UNIQUE_PURE_NE
16,10,0,0,0.06841408068854589,PURE_NASH,1,UNIQUE_PURE_NE
16,10,1,1,0.08209689682625507,PURE_NASH,1,UNIQUE_PURE_NE
16,11,1,1,0.20533063200234397,PURE_NASH,1,UNIQUE_PURE_NE
16,12,1,1,0.21397818750541156,PURE_NASH,1,UNIQUE_PURE_NE
16,13,1,1,0.1646694920597634,PURE_NASH,1,UNIQUE_PURE_NE
16,14,1,1,0.08825379046828359,PURE_NASH,1,UNIQUE_PURE_NE
16,15,1,1,0.029430599326721197,PURE_NASH,1,UNIQUE_PURE_NE
16,16,1,1,0.004600511555230029,PURE_NASH,1,UNIQUE_PURE_NE
17,0,0,0,5.604959373995611e-10,PURE_NASH,1,UNIQUE_PURE_NE
17,1,0,0,2.383133616094579e-08,PURE_NASH,1,UNIQUE_PURE_NE
17,2,0,0,4.768319880097983e-07,PURE_NASH,1,UNIQUE_PURE_NE
17,3,0,0,5.962966765004105e-06,PURE_NASH,1,UNIQUE_PURE_NE
17,4,0,0,5.2198429371875556e-05,PURE_NASH,1,UNIQUE_PURE_NE
17,5,0,0,0.00033938105607929413,PURE_NASH,1,UNIQUE_PURE_NE
17,5,1,1,5.485389624685537e-08,PURE_NASH,1,UNIQUE_PURE_NE
17,6,0,0,0.0016955781652210873,PURE_NASH,1,UNIQUE_PURE_NE
17,6,1,1,2.3322945876493635e-06,PURE_NASH,1,UNIQUE_PURE_NE
17,7,0,0,0.006626569208820508,PURE_NASH,1,UNIQUE_PURE_NE
17,7,1,1,4.666598034380639e-05,PURE_NASH,1,UNIQUE_PURE_NE
17,8,0,0,0.020279264951422512,PURE_NASH,1,UNIQUE_PURE_NE
17,8,1,1,0.0005835759698251082,PURE_NASH,1,UNIQUE_PURE_NE
17,9,0,0,0.0470710755417833,PURE_NASH,1,UNIQUE_PURE_NE
17,9,1,1,0.00510848881848811,PURE_NASH,1,UNIQUE_PURE_NE
17,10,0,0,0.0711845946695012,PURE_NASH,1,UNIQUE_PURE_NE
17,10,1,1,0.03321947751243389,PURE_NASH,1,UNIQUE_PURE_NE
17,11,0,0,0.048873211563584776,PURE_NASH,2,MAX_TOTAL_PAYOFF
17,11,1,1,0.11729570775260345,PURE_NASH,1,UNIQUE_PURE_NE
17,12,1,1,0.20780060234522651,PURE_NASH,1,UNIQUE_PURE_NE
17,13,1,1,0.1998943212204511,PURE_NASH,1,UNIQUE_PURE_NE
17,14,1,1,0.14284314858101238,PURE_NASH,1,UNIQUE_PURE_NE
17,15,1,1,0.07145233281451893,PURE_NASH,1,UNIQUE_PURE_NE
17,16,1,1,0.022338470182826402,PURE_NASH,1,UNIQUE_PURE_NE
17,17,1,1,0.0032864838974167115,PURE_NASH,1,UNIQUE_PURE_NE
18,0,0,0,1.600924495011293e-10,PURE_NASH,1,UNIQUE_PURE_NE
18,1,0,0,7.207262782171773e-09,PURE_NASH,1,UNIQUE_PURE_NE
18,2,0,0,1.5322029180005204e-07,PURE_NASH,1,UNIQUE_PURE_NE
18,3,0,0,2.043817038458512e-06,PURE_NASH,1,UNIQUE_PURE_NE
18,4,0,0,1.9169036548299054e-05,PURE_NASH,1,UNIQUE_PURE_NE
18,5,0,0,0.00013422537568136202,PURE_NASH,1,UNIQUE_PURE_NE
18,5,1,1,1.5667722152604413e-08,PURE_NASH,1,UNIQUE_PURE_NE
18,6,0,0,0.0007267467847519781,PURE_NASH,1,UNIQUE_PURE_NE
18,6,1,1,7.053511336965171e-07,PURE_NASH,1,UNIQUE_PURE_NE
18,7,0,0,0.0031039994970517423,PURE_NASH,1,UNIQUE_PURE_NE
18,7,1,1,1.4995166652423874e-05,PURE_NASH,1,UNIQUE_PURE_NE
18,8,0,0,0.010526139853109902,PURE_NASH,1,UNIQUE_PURE_NE
18,8,1,1,0.0002000216599165777,PURE_NASH,1,UNIQUE_PURE_NE
18,9,0,0,0.02793171396627333,PURE_NASH,1,UNIQUE_PURE_NE
18,9,1,1,0.0018760106395258205,PURE_NASH,1,UNIQUE_PURE_NE
18,10,0,0,0.05395853374738441,PURE_NASH,1,UNIQUE_PURE_NE
18,10,1,1,0.013137729955884902,PURE_NASH,1,UNIQUE_PURE_NE
18,11,0,0,0.05085239354729837,PURE_NASH,1,UNIQUE_PURE_NE
18,11,1,1,0.0711933509662177,PURE_NASH,1,UNIQUE_PURE_NE
18,12,1,1,0.17806002800806464,PURE_NASH,1,UNIQUE_PURE_NE
18,13,1,1,0.20554235955120687,PURE_NASH,1,UNIQUE_PURE_NE
18,14,1,1,0.1835989988722918,PURE_NASH,1,UNIQUE_PURE_NE
18,15,1,1,0.12245204526460371,PURE_NASH,1,UNIQUE_PURE_NE
18,16,1,1,0.0574241159292206,PURE_NASH,1,UNIQUE_PURE_NE
18,17,1,1,0.01689671949602553,PURE_NASH,1,UNIQUE_PURE_NE
18,18,1,1,0.0023477772587486264,PURE_NASH,1,UNIQUE_PURE_NE
19,0,0,0,4.572663364195101e-11,PURE_NASH,1,UNIQUE_PURE_NE
19,1,0,0,2.172950501324388e-09,PURE_NASH,1,UNIQUE_PURE_NE
19,2,0,0,4.891244191871235e-08,PURE_NASH,1,UNIQUE_PURE_NE
19,3,0,0,6.932246771942929e-07,PURE_NASH,1,UNIQUE_PURE_NE
19,4,0,0,6.935232223900761e-06,PURE_NASH,1,UNIQUE_PURE_NE
19,5,0,0,5.203216709640482e-05,PURE_NASH,1,UNIQUE_PURE_NE
19,5,1,1,4.4751154292942986e-09,PURE_NASH,1,UNIQUE_PURE_NE
19,6,0,0,0.0003034651460891071,PURE_NASH,1,UNIQUE_PURE_NE
19,6,1,1,2.1265952774289216e-07,PURE_NASH,1,UNIQUE_PURE_NE
19,7,0,0,0.001405752972666536,PURE_NASH,1,UNIQUE_PURE_NE
19,7,1,1,4.7869000204308835e-06,PURE_NASH,1,UNIQUE_PURE_NE
19,8,0,0,0.005223958895250702,PURE_NASH,1,UNIQUE_PURE_NE
19,8,1,1,6.784362201624287e-05,PURE_NASH,1,UNIQUE_PURE_NE
19,9,0,0,0.015497631720968644,PURE_NASH,1,UNIQUE_PURE_NE
19,9,1,1,0.0006787283965387727,PURE_NASH,1,UNIQUE_PURE_NE
19,10,0,0,0.03536566139292917,PURE_NASH,1,UNIQUE_PURE_NE
19,10,1,1,0.005092655240581801,PURE_NASH,1,UNIQUE_PURE_NE
19,11,0,0,0.053071338033829726,PURE_NASH,1,UNIQUE_PURE_NE
19,11,1,1,0.02971994929894465,PURE_NASH,1,UNIQUE_PURE_NE
19,12,0,0,0.03632760629593444,PURE_NASH,2,MAX_TOTAL_PAYOFF
19,12,1,1,0.10171729762861642,PURE_NASH,1,UNIQUE_PURE_NE
19,13,1,1,0.18590970805241325,PURE_NASH,1,UNIQUE_PURE_NE
19,14,1,1,0.19927475593988936,PURE_NASH,1,UNIQUE_PURE_NE
19,15,1,1,0.16613381325827317,PURE_NASH,1,UNIQUE_PURE_NE
19,16,1,1,0.1038783504371486,PURE_NASH,1,UNIQUE_PURE_NE
19,17,1,1,0.045848420667279156,PURE_NASH,1,UNIQUE_PURE_NE
19,18,1,1,0.012741157171662599,PURE_NASH,1,UNIQUE_PURE_NE
19,19,1,1,0.0016771900391874368,PURE_NASH,1,UNIQUE_PURE_NE
20,0,0,0,1.3060734786311433e-11,PURE_NASH,1,UNIQUE_PURE_NE
20,1,0,0,6.533179771127916e-10,PURE_NASH,1,UNIQUE_PURE_NE
20,2,0,0,1.5522984230672358e-08,PURE_NASH,1,UNIQUE_PURE_NE
20,3,0,0,2.329450407407148e-07,PURE_NASH,1,UNIQUE_PURE_NE
20,4,0,0,2.4761069628234265e-06,PURE_NASH,1,UNIQUE_PURE_NE
20,5,0,0,1.9816108403357127e-05,PURE_NASH,1,UNIQUE_PURE_NE
20,5,1,1,1.2782112109499531e-09,PURE_NASH,1,UNIQUE_PURE_NE
20,6,0,0,0.00012384806941865995,PURE_NASH,1,UNIQUE_PURE_NE
20,6,1,1,6.393808436688691e-08,PURE_NASH,1,UNIQUE_PURE_NE
20,7,0,0,0.0006183076747090029,PURE_NASH,1,UNIQUE_PURE_NE
20,7,1,1,1.5191834759434961e-06,PURE_NASH,1,UNIQUE_PURE_NE
20,8,0,0,0.002496333471219668,PURE_NASH,1,UNIQUE_PURE_NE
20,8,1,1,2.279756594721158e-05,PURE_NASH,1,UNIQUE_PURE_NE
20,9,0,0,0.00815839131178736,PURE_NASH,1,UNIQUE_PURE_NE
20,9,1,1,0.00024232845480556516,PURE_NASH,1,UNIQUE_PURE_NE
20,10,0,0,0.021172465960985334,PURE_NASH,1,UNIQUE_PURE_NE
20,10,1,1,0.0019394625307772822,PURE_NASH,1,UNIQUE_PURE_NE
20,11,0,0,0.04042287047220931,PURE_NASH,1,UNIQUE_PURE_NE
20,11,1,1,0.012126861141662795,PURE_NASH,1,UNIQUE_PURE_NE
20,12,0,0,0.037912761606751236,PURE_NASH,1,UNIQUE_PURE_NE
20,12,1,1,0.060660418570801976,PURE_NASH,1,UNIQUE_PURE_NE
20,13,1,1,0.1517163566977378,PURE_NASH,1,UNIQUE_PURE_NE
20,14,1,1,0.1897271188688643,PURE_NASH,1,UNIQUE_PURE_NE
20,15,1,1,0.18980882703897345,PURE_NASH,1,UNIQUE_PURE_NE
20,16,1,1,0.14835200812316227,PURE_NASH,1,UNIQUE_PURE_NE
20,17,1,1,0.08730346919119547,PURE_NASH,1,UNIQUE_PURE_NE
20,18,1,1,0.03639211143177759,PURE_NASH,1,UNIQUE_PURE_NE
20,19,1,1,0.009580995819457726,PURE_NASH,1,UNIQUE_PURE_NE
20,20,1,1,0.0011981402482145504,PURE_NASH,1,UNIQUE_PURE_NE
21,0,0,0,3.730490954004269e-12,PURE_NASH,1,UNIQUE_PURE_NE
21,1,0,0,1.9593512047845047e-10,PURE_NASH,1,UNIQUE_PURE_NE
21,2,0,0,4.900487554899808e-09,PURE_NASH,1,UNIQUE_PURE_NE
21,3,0,0,7.762446843367438e-08,PURE_NASH,1,UNIQUE_PURE_NE
21,4,0,0,8.736513559372181e-07,PURE_NASH,1,UNIQUE_PURE_NE
21,5,0,0,7.428869542776294e-06,PURE_NASH,1,UNIQUE_PURE_NE
21,5,1,1,3.650908955561378e-10,PURE_NASH,1,UNIQUE_PURE_NE
21,6,0,0,4.953038526790673e-05,PURE_NASH,1,UNIQUE_PURE_NE
21,6,1,1,1.9175526623270123e-08,PURE_NASH,1,UNIQUE_PURE_NE
21,7,0,0,0.000265078797615468,PURE_NASH,1,UNIQUE_PURE_NE
21,7,1,1,4.795946196196113e-07,PURE_NASH,1,UNIQUE_PURE_NE
21,8,0,0,0.0011547214645834009,PURE_NASH,1,UNIQUE_PURE_NE
21,8,1,1,7.596851740680268e-06,PURE_NASH,1,UNIQUE_PURE_NE
21,9,0,0,0.004113566796975913,PURE_NASH,1,UNIQUE_PURE_NE
21,9,1,1,8.550138838979958e-05,PURE_NASH,1,UNIQUE_PURE_NE
21,10,0,0,0.011875554897748233,PURE_NASH,1,UNIQUE_PURE_NE
21,10,1,1,0.0007270747896580551,PURE_NASH,1,UNIQUE_PURE_NE
21,11,0,0,0.02667089013581121,PURE_NASH,1,UNIQUE_PURE_NE
21,11,1,1,0.004849252751965674,PURE_NASH,1,UNIQUE_PURE_NE
21,12,0,0,0.028877030586576757,PURE_NASH,1,UNIQUE_PURE_NE
21,12,0,1,0.010828886469966284,PURE_NASH,1,UNIQUE_PURE_NE
21,12,1,1,0.025989327527919083,PURE_NASH,1,UNIQUE_PURE_NE
21,13,0,1,0.02708387513678495,PURE_NASH,1,UNIQUE_PURE_NE
21,13,1,1,0.08666840043771185,PURE_NASH,1,UNIQUE_PURE_NE
21,14,1,1,0.16257323471832286,PURE_NASH,1,UNIQUE_PURE_NE
21,15,1,1,0.18975045688119266,PURE_NASH,1,UNIQUE_PURE_NE
21,16,1,1,0.17796766415820542,PURE_NASH,1,UNIQUE_PURE_NE
21,17,1,1,0.13091493234090473,PURE_NASH,1,UNIQUE_PURE_NE
21,18,1,1,0.07276184020286033,PURE_NASH,1,UNIQUE_PURE_NE
21,19,1,1,0.028734148392565707,PURE_NASH,1,UNIQUE_PURE_NE
21,20,1,1,0.007186630771174042,PURE_NASH,1,UNIQUE_PURE_NE
21,21,1,1,0.0008559197353015006,PURE_NASH,1,UNIQUE_PURE_NE
22,0,0,0,1.065526785866077e-12,PURE_NASH,1,UNIQUE_PURE_NE
22,1,0,0,5.862921169904025e-11,PURE_NASH,1,UNIQUE_PURE_NE
22,2,0,0,1.5396796024230325e-09,PURE_NASH,1,UNIQUE_PURE_NE
22,3,0,0,2.5672378053111703e-08,PURE_NASH,1,UNIQUE_PURE_NE
22,4,0,0,3.0499078063292854e-07,PURE_NASH,1,UNIQUE_PURE_NE
22,5,0,0,2.745994876238782e-06,PURE_NASH,1,UNIQUE_PURE_NE
22,5,1,1,1.0427960643446555e-10,PURE_NASH,1,UNIQUE_PURE_NE
22,6,0,0,1.945417486687466e-05,PURE_NASH,1,UNIQUE_PURE_NE
22,6,1,1,5.737848360676791e-09,PURE_NASH,1,UNIQUE_PURE_NE
22,7,0,0,0.0001110967071914875,PURE_NASH,1,UNIQUE_PURE_NE
22,7,1,1,1.5068338506886504e-07,PURE_NASH,1,UNIQUE_PURE_NE
22,8,0,0,0.0005191842500053631,PURE_NASH,1,UNIQUE_PURE_NE
22,8,1,1,2.512471310084716e-06,PURE_NASH,1,UNIQUE_PURE_NE
22,9,0,0,0.0019998458720062178,PURE_NASH,1,UNIQUE_PURE_NE
22,9,1,1,2.9848445850839073e-05,PURE_NASH,1,UNIQUE_PURE_NE
22,10,0,0,0.006330595690738297,PURE_NASH,1,UNIQUE_PURE_NE
22,10,1,1,0.0002687517038520975,PURE_NASH,1,UNIQUE_PURE_NE
22,11,0,0,0.0161014935734881,PURE_NASH,1,UNIQUE_PURE_NE
22,11,1,1,0.0019044777344985925,PURE_NASH,1,UNIQUE_PURE_NE
22,12,0,0,0.02730102214059469,PURE_NASH,1,UNIQUE_PURE_NE
22,12,0,1,0.0030930161035416944,PURE_NASH,1,UNIQUE_PURE_NE
22,12,1,1,0.010887416684466765,PURE_NASH,1,UNIQUE_PURE_NE
22,13,0,0,0.020628987643798904,PURE_NASH,1,UNIQUE_PURE_NE
22,13,0,1,0.00773587036642459,PURE_NASH,1,UNIQUE_PURE_NE
22,13,1,1,0.05105674441840229,PURE_NASH,1,UNIQUE_PURE_NE
22,14,1,1,0.12769683148437838,PURE_NASH,1,UNIQUE_PURE_NE
22,15,1,1,0.17033576746187173,PURE_NASH,1,UNIQUE_PURE_NE
22,16,1,1,0.186384979947071,PURE_NASH,1,UNIQUE_PURE_NE
22,17,1,1,0.16452816069400547,PURE_NASH,1,UNIQUE_PURE_NE
22,18,1,1,0.11430487266832648,PURE_NASH,1,UNIQUE_PURE_NE
22,19,1,1,0.0601863680941906,PURE_NASH,1,UNIQUE_PURE_NE
22,20,1,1,0.022579608017693688,PURE_NASH,1,UNIQUE_PURE_NE
22,21,1,1,0.005378412425259121,PURE_NASH,1,UNIQUE_PURE_NE
22,22,1,1,0.0006114464432442677,PURE_NASH,1,UNIQUE_PURE_NE
23,0,0,0,3.043426040691569e-13,PURE_NASH,1,UNIQUE_PURE_NE
23,1,0,0,1.7507236181329167e-11,PURE_NASH,1,UNIQUE_PURE_NE
23,2,0,0,4.81656336544342e-10,PURE_NASH,1,UNIQUE_PURE_NE
23,3,0,0,8.432615929432855e-09,PURE_NASH,1,UNIQUE_PURE_NE
23,4,0,0,1.0545309415822803e-07,PURE_NASH,1,UNIQUE_PURE_NE
23,5,0,0,1.0022060480992649e-06,PURE_NASH,1,UNIQUE_PURE_NE
23,5,1,1,2.9785010939707106e-11,PURE_NASH,1,UNIQUE_PURE_NE
23,6,0,0,7.518292555713003e-06,PURE_NASH,1,UNIQUE_PURE_NE
23,6,1,1,1.7133756963794445e-09,PURE_NASH,1,UNIQUE_PURE_NE
23,7,0,0,4.5629703536005704e-05,PURE_NASH,1,UNIQUE_PURE_NE
23,7,1,1,4.7138123487609205e-08,PURE_NASH,1,UNIQUE_PURE_NE
23,8,0,0,0.00022765729216749824,PURE_NASH,1,UNIQUE_PURE_NE
23,8,1,1,8.25272421114701e-07,PURE_NASH,1,UNIQUE_PURE_NE
23,9,0,0,0.0009421003322310426,PURE_NASH,1,UNIQUE_PURE_NE
23,9,1,1,1.0320347927413611e-05,PURE_NASH,1,UNIQUE_PURE_NE
23,10,0,0,0.0032368224500597042,PURE_NASH,1,UNIQUE_PURE_NE
23,10,1,1,9.808552878968802e-05,PURE_NASH,1,UNIQUE_PURE_NE
23,11,0,0,0.009121422298924233,PURE_NASH,1,UNIQUE_PURE_NE
23,11,1,1,0.0007359582783973099,PURE_NASH,1,UNIQUE_PURE_NE
23,12,0,0,0.019300374853314074,PURE_NASH,1,UNIQUE_PURE_NE
23,12,0,1,0.0008834471248083952,PURE_NASH,1,UNIQUE_PURE_NE
23,12,1,1,0.00447024245153048,PURE_NASH,1,UNIQUE_PURE_NE
23,13,0,0,0.025395312795574717,PURE_NASH,1,UNIQUE_PURE_NE
23,13,0,1,0.004419137957466598,PURE_NASH,1,UNIQUE_PURE_NE
23,13,1,1,0.02236083806478099,PURE_NASH,1,UNIQUE_PURE_NE
23,14,0,0,0.014736803700510108,PURE_NASH,2,MAX_TOTAL_PAYOFF
23,14,0,1,0.0055263013876912905,PURE_NASH,1,UNIQUE_PURE_NE
23,14,1,1,0.07294717831752504,PURE_NASH,1,UNIQUE_PURE_NE
23,15,1,1,0.139875638232611,PURE_NASH,1,UNIQUE_PURE_NE
23,16,1,1,0.1749198466101351,PURE_NASH,1,UNIQUE_PURE_NE
23,17,1,1,0.1801420948536287,PURE_NASH,1,UNIQUE_PURE_NE
23,18,1,1,0.1501830626022419,PURE_NASH,1,UNIQUE_PURE_NE
23,19,1,1,0.09884719780843682,PURE_NASH,1,UNIQUE_PURE_NE
23,20,1,1,0.04944488374663183,PURE_NASH,1,UNIQUE_PURE_NE
23,21,1,1,0.017666492055574252,PURE_NASH,1,UNIQUE_PURE_NE
23,22,1,1,0.0040168409849914224,PURE_NASH,1,UNIQUE_PURE_NE
23,23,1,1,0.0004368011830272492,PURE_NASH,1,UNIQUE_PURE_NE
24,0,0,0,8.692828925582475e-14,PURE_NASH,1,UNIQUE_PURE_NE
24,1,0,0,5.217943555519972e-12,PURE_NASH,1,UNIQUE_PURE_NE
24,2,0,0,1.5008048328747033e-10,PURE_NASH,1,UNIQUE_PURE_NE
24,3,0,0,2.7526604815799534e-09,PURE_NASH,1,UNIQUE_PURE_NE
24,4,0,0,3.614422804830237e-08,PURE_NASH,1,UNIQUE_PURE_NE
24,5,0,0,3.6158943238016215e-07,PURE_NASH,1,UNIQUE_PURE_NE
24,5,1,1,8.507386122865728e-12,PURE_NASH,1,UNIQUE_PURE_NE
24,6,0,0,2.863372526851979e-06,PURE_NASH,1,UNIQUE_PURE_NE
24,6,1,1,5.106629956041931e-10,PURE_NASH,1,UNIQUE_PURE_NE
24,7,0,0,1.8403918535602708e-05,PURE_NASH,1,UNIQUE_PURE_NE
24,7,1,1,1.4687883907105114e-08,PURE_NASH,1,UNIQUE_PURE_NE
24,8,0,0,9.762159249777283e-05,PURE_NASH,1,UNIQUE_PURE_NE
24,8,1,1,2.6939383924876946e-07,PURE_NASH,1,UNIQUE_PURE_NE
24,9,0,0,0.0004317211018776306,PURE_NASH,1,UNIQUE_PURE_NE
24,9,1,1,3.537316870632166e-06,PURE_NASH,1,UNIQUE_PURE_NE
24,10,0,0,0.001597533601688844,PURE_NASH,1,UNIQUE_PURE_NE
24,10,1,1,3.538840256905667e-05,PURE_NASH,1,UNIQUE_PURE_NE
24,11,0,0,0.0049176196535318795,PURE_NASH,1,UNIQUE_PURE_NE
24,11,1,1,0.0002802788403567393,PURE_NASH,1,UNIQUE_PURE_NE
24,12,0,0,0.01202880010321039,PURE_NASH,1,UNIQUE_PURE_NE
24,12,0,1,0.00025233584184657933,PURE_NASH,1,UNIQUE_PURE_NE
24,12,1,1,0.001802568507873447,PURE_NASH,1,UNIQUE_PURE_NE
24,13,0,0,0.021041250173946938,PURE_NASH,1,UNIQUE_PURE_NE
24,13,0,1,0.0018933338488854473,PURE_NASH,1,UNIQUE_PURE_NE
24,13,1,1,0.009580269275360365,PURE_NASH,1,UNIQUE_PURE_NE
24,14,0,0,0.022350960972124204,PURE_NASH,1,UNIQUE_PURE_NE
24,14,0,1,0.0031569153915429666,PURE_NASH,1,UNIQUE_PURE_NE
24,14,1,1,0.03838809116116248,PURE_NASH,1,UNIQUE_PURE_NE
24,15,0,0,0.010527583178452819,PURE_NASH,2,MAX_TOTAL_PAYOFF
24,15,1,1,0.09601155858748972,PURE_NASH,1,UNIQUE_PURE_NE
24,16,1,1,0.14988519010557383,PURE_NASH,1,UNIQUE_PURE_NE
24,17,1,1,0.17641145869403835,PURE_NASH,1,UNIQUE_PURE_NE
24,18,1,1,0.17158500364604556,PURE_NASH,1,UNIQUE_PURE_NE
24,19,1,1,0.13552018318829118,PURE_NASH,1,UNIQUE_PURE_NE
24,20,1,1,0.0847365915730514,PURE_NASH,1,UNIQUE_PURE_NE
24,21,1,1,0.04036813541080753,PURE_NASH,1,UNIQUE_PURE_NE
24,22,1,1,0.013767791050061793,PURE_NASH,1,UNIQUE_PURE_NE
24,23,1,1,0.0029942870234639374,PURE_NASH,1,UNIQUE_PURE_NE
24,24,1,1,0.0003120392237162517,PURE_NASH,1,UNIQUE_PURE_NE
25,0,0,0,2.482901628595923e-14,PURE_NASH,1,UNIQUE_PURE_NE
25,1,0,0,1.5524818242466385e-12,PURE_NASH,1,UNIQUE_PURE_NE
25,2,0,0,4.659451255303999e-11,PURE_NASH,1,UNIQUE_PURE_NE
25,3,0,0,8.934460978222794e-10,PURE_NASH,1,UNIQUE_PURE_NE
25,4,0,0,1.2290174471852173e-08,PURE_NASH,1,UNIQUE_PURE_NE
25,5,0,0,1.2909997752546846e-07,PURE_NASH,1,UNIQUE_PURE_NE
25,5,1,1,2.4299342642524503e-12,PURE_NASH,1,UNIQUE_PURE_NE
25,6,0,0,1.0761647878639465e-06,PURE_NASH,1,UNIQUE_PURE_NE
25,6,1,1,1.5193629646533195e-10,PURE_NASH,1,UNIQUE_PURE_NE
25,7,0,0,7.3021630891327804e-06,PURE_NASH,1,UNIQUE_PURE_NE
25,7,1,1,4.560051887468431e-09,PURE_NASH,1,UNIQUE_PURE_NE
25,8,0,0,4.103057935891732e-05,PURE_NASH,1,UNIQUE_PURE_NE
25,8,1,1,8.743863475528464e-08,PURE_NASH,1,UNIQUE_PURE_NE
25,9,0,0,0.00019304924016619437,PURE_NASH,1,UNIQUE_PURE_NE
25,9,1,1,1.2027990041507434e-06,PURE_NASH,1,UNIQUE_PURE_NE
25,10,0,0,0.000764707955662377,PURE_NASH,1,UNIQUE_PURE_NE
25,10,1,1,1.2634828535727707e-05,PURE_NASH,1,UNIQUE_PURE_NE
25,11,0,0,0.0025458379035185634,PURE_NASH,1,UNIQUE_PURE_NE
25,11,1,1,0.00010533558225197712,PURE_NASH,1,UNIQUE_PURE_NE
25,12,0,0,0.0069487606860885705,PURE_NASH,1,UNIQUE_PURE_NE
25,12,0,1,7.207378380933844e-05,PURE_NASH,1,UNIQUE_PURE_NE
25,12,1,1,0.0007150849923044167,PURE_NASH,1,UNIQUE_PURE_NE
25,13,0,0,0.01460299397609531,PURE_NASH,1,UNIQUE_PURE_NE
25,13,0,1,0.0007210482321489636,PURE_NASH,1,UNIQUE_PURE_NE
25,13,1,1,0.004024085354419584,PURE_NASH,1,UNIQUE_PURE_NE
25,14,0,0,0.021415338183917304,PURE_NASH,1,UNIQUE_PURE_NE
25,14,0,1,0.002254246124622874,PURE_NASH,1,UNIQUE_PURE_NE
25,14,1,1,0.01780854438452071,PURE_NASH,1,UNIQUE_PURE_NE
25,15,0,0,0.01897389186945065,PURE_NASH,1,UNIQUE_PURE_NE
25,15,0,1,0.002255216941693817,PURE_NASH,1,UNIQUE_PURE_NE
25,15,1,1,0.05484687602199363,PURE_NASH,1,UNIQUE_PURE_NE
25,16,0,0,0.007520627256194396,PURE_NASH,2,MAX_TOTAL_PAYOFF
25,16,1,1,0.1113992912323795,PURE_NASH,1,UNIQUE_PURE_NE
25,17,1,1,0.15746179330836357,PURE_NASH,1,UNIQUE_PURE_NE
25,18,1,1,0.17503289560466945,PURE_NASH,1,UNIQUE_PURE_NE
25,19,1,1,0.16128393799570806,PURE_NASH,1,UNIQUE_PURE_NE
25,20,1,1,0.12101504758665156,PURE_NASH,1,UNIQUE_PURE_NE
25,21,1,1,0.07206378816157273,PURE_NASH,1,UNIQUE_PURE_NE
25,22,1,1,0.03277037421017716,PURE_NASH,1,UNIQUE_PURE_NE
25,23,1,1,0.010690593635696232,PURE_NASH,1,UNIQUE_PURE_NE
25,24,1,1,0.002228166179800249,PURE_NASH,1,UNIQUE_PURE_NE
25,25,1,1,0.00022291257652424167,PURE_NASH,1,UNIQUE_PURE_NE
26,0,0,0,7.091823099315399e-15,PURE_NASH,1,UNIQUE_PURE_NE
26,1,0,0,4.611670228527396e-13,PURE_NASH,1,UNIQUE_PURE_NE
26,2,0,0,1.4417675929547056e-11,PURE_NASH,1,UNIQUE_PURE_NE
26,3,0,0,2.884777013566368e-10,PURE_NASH,1,UNIQUE_PURE_NE
26,4,0,0,4.148652853044154e-09,PURE_NASH,1,UNIQUE_PURE_NE
26,5,0,0,4.5654140646805884e-08,PURE_NASH,1,UNIQUE_PURE_NE
26,5,1,1,6.940534311376863e-13,PURE_NASH,1,UNIQUE_PURE_NE
26,6,0,0,3.996067113063512e-07,PURE_NASH,1,UNIQUE_PURE_NE
26,6,1,1,4.513290166098387e-11,PURE_NASH,1,UNIQUE_PURE_NE
26,7,0,0,2.854474409989636e-06,PURE_NASH,1,UNIQUE_PURE_NE
26,7,1,1,1.4110105832870176e-09,PURE_NASH,1,UNIQUE_PURE_NE
26,8,0,0,1.693588996943002e-05,PURE_NASH,1,UNIQUE_PURE_NE
26,8,1,1,2.8232365025096926e-08,PURE_NASH,1,UNIQUE_PURE_NE
26,9,0,0,8.445112561912893e-05,PURE_NASH,1,UNIQUE_PURE_NE
26,9,1,1,4.0601502701504277e-07,PURE_NASH,1,UNIQUE_PURE_NE
26,10,0,0,0.00035633007404173485,PURE_NASH,1,UNIQUE_PURE_NE
26,10,1,1,4.468088702717677e-06,PURE_NASH,1,UNIQUE_PURE_NE
26,11,0,0,0.001273445730917372,PURE_NASH,1,UNIQUE_PURE_NE
26,11,1,1,3.91126131953082e-05,PURE_NASH,1,UNIQUE_PURE_NE
26,12,0,0,0.0038034289870440734,PURE_NASH,1,UNIQUE_PURE_NE
26,12,0,1,2.058617703526081e-05,PURE_NASH,1,UNIQUE_PURE_NE
26,12,1,1,0.00027949612494932016,PURE_NASH,1,UNIQUE_PURE_NE
26,13,0,0,0.009135011958730224,PURE_NASH,1,UNIQUE_PURE_NE
26,13,0,1,0.0002574380338703881,PURE_NASH,1,UNIQUE_PURE_NE
26,13,1,1,0.001660222928234719,PURE_NASH,1,UNIQUE_PURE_NE
26,14,0,0,0.01654877948193671,PURE_NASH,1,UNIQUE_PURE_NE
26,14,0,1,0.0011589700613684694,PURE_NASH,1,UNIQUE_PURE_NE
26,14,1,1,0.007961291075152036,PURE_NASH,1,UNIQUE_PURE_NE
26,15,0,0,0.020717996607059735,PURE_NASH,1,UNIQUE_PURE_NE
26,15,0,1,0.002254523415629881,PURE_NASH,1,UNIQUE_PURE_NE
26,15,1,1,0.02838767055051682,PURE_NASH,1,UNIQUE_PURE_NE
26,16,0,0,0.013554447011307964,PURE_NASH,2,PARETO_DOMINATED_REMOVAL
26,16,0,1,0.0016110673943709939,PURE_NASH,1,UNIQUE_PURE_NE
26,16,1,1,0.07314782992909102,PURE_NASH,1,UNIQUE_PURE_NE
26,17,1,1,0.12992849631501302,PURE_NASH,1,UNIQUE_PURE_NE
26,18,1,1,0.16248056439901865,PURE_NASH,1,UNIQUE_PURE_NE
26,19,1,1,0.17110583002785562,PURE_NASH,1,UNIQUE_PURE_NE
26,20,1,1,0.14978207888467102,PURE_NASH,1,UNIQUE_PURE_NE
26,21,1,1,0.10703327447356736,PURE_NASH,1,UNIQUE_PURE_NE
26,22,1,1,0.06084055090150246,PURE_NASH,1,UNIQUE_PURE_NE
26,23,1,1,0.02646380547211288,PURE_NASH,1,UNIQUE_PURE_NE
26,24,1,1,0.008273500754656809,PURE_NASH,1,UNIQUE_PURE_NE
26,25,1,1,0.0016554127666197145,PURE_NASH,1,UNIQUE_PURE_NE
26,26,1,1,0.00015924285473117568,PURE_NASH,1,UNIQUE_PURE_NE
27,0,0,0,2.025612061820775e-15,PURE_NASH,1,UNIQUE_PURE_NE
27,1,0,0,1.3678769801235486e-13,PURE_NASH,1,UNIQUE_PURE_NE
27,2,0,0,4.447514734351373e-12,PURE_NASH,1,UNIQUE_PURE_NE
27,3,0,0,9.269646057966205e-11,PURE_NASH,1,UNIQUE_PURE_NE
27,4,0,0,1.391045720679326e-09,PURE_NASH,1,UNIQUE_PURE_NE
27,5,0,0,1.6003716851314882e-08,PURE_NASH,1,UNIQUE_PURE_NE
27,5,1,1,1.9823999865370405e-13,PURE_NASH,1,UNIQUE_PURE_NE
27,6,0,0,1.4675234718690656e-07,PURE_NASH,1,UNIQUE_PURE_NE
27,6,1,1,1.3386962677067522e-11,PURE_NASH,1,UNIQUE_PURE_NE
27,7,0,0,1.100781790124532e-06,PURE_NASH,1,UNIQUE_PURE_NE
27,7,1,1,4.352636576214046e-10,PURE_NASH,1,UNIQUE_PURE_NE
27,8,0,0,6.876498761875494e-06,PURE_NASH,1,UNIQUE_PURE_NE
27,8,1,1,9.071898102738119e-09,PURE_NASH,1,UNIQUE_PURE_NE
27,9,0,0,3.6220025201441664e-05,PURE_NASH,1,UNIQUE_PURE_NE
27,9,1,1,1.361370753029755e-07,PURE_NASH,1,UNIQUE_PURE_NE
27,10,0,0,0.00016210693704696083,PURE_NASH,1,UNIQUE_PURE_NE
27,10,1,1,1.5662505994875435e-06,PURE_NASH,1,UNIQUE_PURE_NE
27,11,0,0,0.0006182825382580669,PURE_NASH,1,UNIQUE_PURE_NE
27,11,1,1,1.436348029744189e-05,PURE_NASH,1,UNIQUE_PURE_NE
27,12,0,0,0.001996075797692382,PURE_NASH,1,UNIQUE_PURE_NE
27,12,0,1,5.879956102321215e-06,PURE_NASH,1,UNIQUE_PURE_NE
27,12,1,1,0.0001077724957181488,PURE_NASH,1,UNIQUE_PURE_NE
27,13,0,0,0.005326269958230771,PURE_NASH,1,UNIQUE_PURE_NE
27,13,0,1,8.823732559763756e-05,PURE_NASH,1,UNIQUE_PURE_NE
27,13,1,1,0.0006738681824085836,PURE_NASH,1,UNIQUE_PURE_NE
27,14,0,0,0.011252579854634435,PURE_NASH,1,UNIQUE_PURE_NE
27,14,0,1,0.0005149394017759325,PURE_NASH,1,UNIQUE_PURE_NE
27,14,1,1,0.003459974481820779,PURE_NASH,1,UNIQUE_PURE_NE
27,15,0,0,0.017739618054575978,PURE_NASH,1,UNIQUE_PURE_NE
27,15,0,1,0.0014718890467524037,PURE_NASH,1,UNIQUE_PURE_NE
27,15,1,1,0.013795604772094277,PURE_NASH,1,UNIQUE_PURE_NE
27,16,0,0,0.018671897562653667,PURE_NASH,1,UNIQUE_PURE_NE
27,16,0,1,0.0016105719576757042,PURE_NASH,1,UNIQUE_PURE_NE
27,16,1,1,0.041632518166889496,PURE_NASH,1,UNIQUE_PURE_NE
27,17,0,0,0.009682938800666556,PURE_NASH,2,PARETO_DOMINATED_REMOVAL
27,17,1,1,0.09051679252165003,PURE_NASH,1,UNIQUE_PURE_NE
27,18,1,1,0.13922622707123256,PURE_NASH,1,UNIQUE_PURE_NE
27,19,1,1,0.16494416816486368,PURE_NASH,1,UNIQUE_PURE_NE
27,20,1,1,0.1650152032716596,PURE_NASH,1,UNIQUE_PURE_NE
27,21,1,1,0.13757189080878574,PURE_NASH,1,UNIQUE_PURE_NE
27,22,1,1,0.0938394120878911,PURE_NASH,1,UNIQUE_PURE_NE
27,23,1,1,0.051021644082657,PURE_NASH,1,UNIQUE_PURE_NE
27,24,1,1,0.02126817380901749,PURE_NASH,1,UNIQUE_PURE_NE
27,25,1,1,0.006383199957947254,PURE_NASH,1,UNIQUE_PURE_NE
27,26,1,1,0.0012280671070322225,PURE_NASH,1,UNIQUE_PURE_NE
27,27,1,1,0.0001137588878040563,PURE_NASH,1,UNIQUE_PURE_NE
28,0,0,0,5.785683268650482e-16,PURE_NASH,1,UNIQUE_PURE_NE
28,1,0,0,4.051722457876035e-14,PURE_NASH,1,UNIQUE_PURE_NE
28,2,0,0,1.3680452403597038e-12,PURE_NASH,1,UNIQUE_PURE_NE
28,3,0,0,2.965374543749537e-11,PURE_NASH,1,UNIQUE_PURE_NE
28,4,0,0,4.635393150732883e-10,PURE_NASH,1,UNIQUE_PURE_NE
28,5,0,0,5.564810700870804e-09,PURE_NASH,1,UNIQUE_PURE_NE
28,5,1,1,5.662258163871022e-14,PURE_NASH,1,UNIQUE_PURE_NE
28,6,0,0,5.334898039855237e-08,PURE_NASH,1,UNIQUE_PURE_NE
28,6,1,1,3.965287676419828e-12,PURE_NASH,1,UNIQUE_PURE_NE
28,7,0,0,4.192483640620539e-07,PURE_NASH,1,UNIQUE_PURE_NE
28,7,1,1,1.3388609384727767e-10,PURE_NASH,1,UNIQUE_PURE_NE
28,8,0,0,2.7504791669205065e-06,PURE_NASH,1,UNIQUE_PURE_NE
28,8,1,1,2.9021146577900357e-09,PURE_NASH,1,UNIQUE_PURE_NE
28,9,0,0,1.5257785246316975e-05,PURE_NASH,1,UNIQUE_PURE_NE
28,9,1,1,4.5365070107979104e-08,PURE_NASH,1,UNIQUE_PURE_NE
28,10,0,0,7.217665348849922e-05,PURE_NASH,1,UNIQUE_PURE_NE
28,10,1,1,5.446152851783631e-07,PURE_NASH,1,UNIQUE_PURE_NE
28,11,0,0,0.0002924027421144562,PURE_NASH,1,UNIQUE_PURE_NE
28,11,1,1,5.221477537758145e-06,PURE_NASH,1,UNIQUE_PURE_NE
28,12,0,0,0.001011816698081501,PURE_NASH,1,UNIQUE_PURE_NE
28,12,0,1,1.679470826759383e-06,PURE_NASH,1,UNIQUE_PURE_NE
28,12,1,1,4.104356321395625e-05,PURE_NASH,1,UNIQUE_PURE_NE
28,13,0,0,0.002947267242448365,PURE_NASH,1,UNIQUE_PURE_NE
28,13,0,1,2.9403396928932823e-05,PURE_NASH,1,UNIQUE_PURE_NE
28,13,1,1,0.00026946438157688567,PURE_NASH,1,UNIQUE_PURE_NE
28,14,0,0,0.007018980653369504,PURE_NASH,1,UNIQUE_PURE_NE
28,14,0,1,0.00021011471314755524,PURE_NASH,1,UNIQUE_PURE_NE
28,14,1,1,0.001469653757791729,PURE_NASH,1,UNIQUE_PURE_NE
28,15,0,0,0.013105449369183125,PURE_NASH,1,UNIQUE_PURE_NE
28,15,0,1,0.0007882695055128081,PURE_NASH,1,UNIQUE_PURE_NE
28,15,1,1,0.006412103587314004,PURE_NASH,1,UNIQUE_PURE_NE
28,16,0,0,0.01800590171536453,PURE_NASH,1,UNIQUE_PURE_NE
28,16,0,1,0.0015115005504800943,PURE_NASH,1,UNIQUE_PURE_NE
28,16,1,1,0.02174656276226196,PURE_NASH,1,UNIQUE_PURE_NE
28,17,0,0,0.01610441342824987,PURE_NASH,1,UNIQUE_PURE_NE
28,17,0,1,0.0011505500510078494,PURE_NASH,1,UNIQUE_PURE_NE
28,17,1,1,0.05559515857396871,PURE_NASH,1,UNIQUE_PURE_NE
28,18,0,0,0.006917235630434353,PURE_NASH,1,UNIQUE_PURE_NE
28,18,1,1,0.10442949406064198,PURE_NASH,1,UNIQUE_PURE_NE
28,19,1,1,0.14657195058335515,PURE_NASH,1,UNIQUE_PURE_NE
28,20,1,1,0.1649644576682993,PURE_NASH,1,UNIQUE_PURE_NE
28,21,1,1,0.1571766681076226,PURE_NASH,1,UNIQUE_PURE_NE
28,22,1,1,0.12508073935875647,PURE_NASH,1,UNIQUE_PURE_NE
28,23,1,1,0.08160952618732224,PURE_NASH,1,UNIQUE_PURE_NE
28,24,1,1,0.0425232668074077,PURE_NASH,1,UNIQUE_PURE_NE
28,25,1,1,0.01701663197691436,PURE_NASH,1,UNIQUE_PURE_NE
28,26,1,1,0.00491075780353,PURE_NASH,1,UNIQUE_PURE_NE
28,27,1,1,0.0009097912366608234,PURE_NASH,1,UNIQUE_PURE_NE
28,28,1,1,8.12663436375983e-05,PURE_NASH,1,UNIQUE_PURE_NE
29,0,0,0,1.6525440145263065e-16,PURE_NASH,1,UNIQUE_PURE_NE
29,1,0,0,1.198610383696011e-14,PURE_NASH,1,UNIQUE_PURE_NE
29,2,0,0,4.196943026745837e-13,PURE_NASH,1,UNIQUE_PURE_NE
29,3,0,0,9.447188599405882e-12,PURE_NASH,1,UNIQUE_PURE_NE
29,4,0,0,1.5358292852570325e-10,PURE_NASH,1,UNIQUE_PURE_NE
29,5,0,0,1.920597211891122e-09,PURE_NASH,1,UNIQUE_PURE_NE
29,5,1,1,1.617290543384746e-14,PURE_NASH,1,UNIQUE_PURE_NE
29,6,0,0,1.9213232150223972e-08,PURE_NASH,1,UNIQUE_PURE_NE
29,6,1,1,1.1730406099410202e-12,PURE_NASH,1,UNIQUE_PURE_NE
29,7,0,0,1.5785951239886749e-07,PURE_NASH,1,UNIQUE_PURE_NE
29,7,1,1,4.107410276891323e-11,PURE_NASH,1,UNIQUE_PURE_NE
29,8,0,0,1.0851094786200381e-06,PURE_NASH,1,UNIQUE_PURE_NE
29,8,1,1,9.24565315603465e-10,PURE_NASH,1,UNIQUE_PURE_NE
29,9,0,0,6.3228962591849015e-06,PURE_NASH,1,UNIQUE_PURE_NE
29,9,1,1,1.5030656717555233e-08,PURE_NASH,1,UNIQUE_PURE_NE
29,10,0,0,3.151531796278895e-05,PURE_NASH,1,UNIQUE_PURE_NE
29,10,1,1,1.8796412303850262e-07,PURE_NASH,1,UNIQUE_PURE_NE
29,11,0,0,0.00013507904335372477,PURE_NASH,1,UNIQUE_PURE_NE
29,11,1,1,1.8804507195414115e-06,PURE_NASH,1,UNIQUE_PURE_NE
29,12,0,0,0.0004978863767513269,PURE_NASH,1,UNIQUE_PURE_NE
29,12,0,1,4.797012441678529e-07,PURE_NASH,1,UNIQUE_PURE_NE
29,12,1,1,1.5453211720790537e-05,PURE_NASH,1,UNIQUE_PURE_NE
29,13,0,0,0.0015646325132568067,PURE_NASH,1,UNIQUE_PURE_NE
29,13,0,1,9.59815666073224e-06,PURE_NASH,1,UNIQUE_PURE_NE
29,13,1,1,0.00010628658441841743,PURE_NASH,1,UNIQUE_PURE_NE
29,14,0,0,0.00411025617800648,PURE_NASH,1,UNIQUE_PURE_NE
29,14,0,1,8.101932371019815e-05,PURE_NASH,1,UNIQUE_PURE_NE
29,14,1,1,0.0006122701795901812,PURE_NASH,1,UNIQUE_PURE_NE
29,15,0,0,0.008757436939149817,PURE_NASH,1,UNIQUE_PURE_NE
29,15,0,1,0.00037525099822037305,PURE_NASH,1,UNIQUE_PURE_NE
29,15,1,1,0.0028813480216532735,PURE_NASH,1,UNIQUE_PURE_NE
29,16,0,0,0.014505148042118325,PURE_NASH,1,UNIQUE_PURE_NE
29,16,0,1,0.0009948434016256989,PURE_NASH,1,UNIQUE_PURE_NE
29,16,1,1,0.010792030304503457,PURE_NASH,1,UNIQUE_PURE_NE
29,17,0,0,0.017462786418232797,PURE_NASH,1,UNIQUE_PURE_NE
29,17,0,1,0.0014084035505673648,PURE_NASH,1,UNIQUE_PURE_NE
29,17,1,1,0.0314146160951924,PURE_NASH,1,UNIQUE_PURE_NE
29,18,0,0,0.013480312699744163,PURE_NASH,1,UNIQUE_PURE_NE
29,18,0,1,0.0008219225558754643,PURE_NASH,1,UNIQUE_PURE_NE
29,18,1,1,0.06954353512080569,PURE_NASH,1,UNIQUE_PURE_NE
29,19,0,0,0.004941490362787046,PURE_NASH,1,UNIQUE_PURE_NE
29,19,1,1,0.11646649315829374,PURE_NASH,1,UNIQUE_PURE_NE
29,20,1,1,0.15182533658532457,PURE_NASH,1,UNIQUE_PURE_NE
29,21,1,1,0.16274005919584567,PURE_NASH,1,UNIQUE_PURE_NE
29,22,1,1,0.14800922279792228,PURE_NASH,1,UNIQUE_PURE_NE
29,23,1,1,0.11266421225297747,PURE_NASH,1,UNIQUE_PURE_NE
29,24,1,1,0.07044545774643668,PURE_NASH,1,UNIQUE_PURE_NE
29,25,1,1,0.03523789794730559,PURE_NASH,1,UNIQUE_PURE_NE
29,26,1,1,0.013558874443895925,PURE_NASH,1,UNIQUE_PURE_NE
29,27,1,1,0.003767976035951194,PURE_NASH,1,UNIQUE_PURE_NE
29,28,1,1,0.0006731426354021962,PURE_NASH,1,UNIQUE_PURE_NE
29,29,1,1,5.805452862372944e-05,PURE_NASH,1,UNIQUE_PURE_NE
